id,routeId,shape,topic,title,instruction,input,support,model,grammar,partner,criterion,retry
mx-0-kennismaken-01-circle,route-0,circle,kennismaken,Een naam noemen,Zeg je naam tegen een nieuwe cursist.,Je ontmoet iemand in de les. Je mag een naam verzinnen.,Ik heet …,Ik heet Sara.,"Een naam noemen met een woord, vaste uitdrukking of korte zin.",Luister naar de mededeling. Herhaal het genoemde gegeven om te laten merken dat je het begrijpt.,De spreker kan een naam noemen. Een begrijpelijk woord of een vaste korte zin is genoeg; het model is niet het enige goede antwoord.,Optioneel: wissel van rol. Noem zelf een ander passend gegeven.
mx-0-kennismaken-01-square,route-0,square,kennismaken,Naar een naam vragen,Vraag hoe de nieuwe cursist heet.,Jullie kennen elkaar nog niet.,Hoe heet …?,Hoe heet je?,"Naar een naam vragen met een woord, vaste uitdrukking of korte zin.","Wacht op de vraag. Geef één kort, passend antwoord. Gebruik de oefenfeiten; ontbrekende informatie mag je verzinnen.",De spreker kan naar een naam vragen. Een begrijpelijk woord of een vaste korte zin is genoeg; het model is niet het enige goede antwoord.,Optioneel: wissel van rol. Stel dezelfde vraag en luister naar het nieuwe antwoord.
mx-0-kennismaken-01-triangle,route-0,triangle,kennismaken,Een van twee rolnamen kiezen,Kies een naam voor je rol: Amir of Noor.,Je speelt een nieuwe cursist.,Ik ben …,Ik ben Noor.,"Een van twee rolnamen kiezen met een woord, vaste uitdrukking of korte zin.",Luister naar de keuze. Herhaal alleen wat de spreker kiest. Beide aangeboden opties zijn toegestaan.,De spreker kan een van twee rolnamen kiezen. Een begrijpelijk woord of een vaste korte zin is genoeg; het model is niet het enige goede antwoord.,Optioneel: kies de andere mogelijkheid. De partner herhaalt je nieuwe keuze.
mx-0-kennismaken-01-diamond,route-0,diamond,kennismaken,De juiste naam doorgeven,Vraag de docent je naam te verbeteren.,Op de lijst staat Sam. Jij heet Sami.,"Ik heet …, niet …","Ik heet Sami, niet Sam.","De juiste naam doorgeven met een woord, vaste uitdrukking of korte zin.","Speel de aangesproken persoon. Reageer kort op wat de spreker zegt of vraagt. Je mag helpen, bedanken of beleefd nee zeggen.",De spreker kan de juiste naam doorgeven. Een begrijpelijk woord of een vaste korte zin is genoeg; het model is niet het enige goede antwoord.,"Optioneel: de partner zegt het antwoord nog eens. Reageer met dank je, oké of een begroeting die past."
mx-0-kennismaken-02-circle,route-0,circle,kennismaken,Een woonplaats noemen,Vertel in welke plaats je woont.,Noem een plaats. Je mag iets verzinnen.,Ik woon in …,Ik woon in Delft.,"Een woonplaats noemen met een woord, vaste uitdrukking of korte zin.",Luister naar de mededeling. Herhaal het genoemde gegeven om te laten merken dat je het begrijpt.,De spreker kan een woonplaats noemen. Een begrijpelijk woord of een vaste korte zin is genoeg; het model is niet het enige goede antwoord.,Optioneel: wissel van rol. Noem zelf een ander passend gegeven.
mx-0-kennismaken-02-square,route-0,square,kennismaken,Naar een woonplaats vragen,Vraag in welke plaats de ander woont.,Je praat met een nieuwe buur.,Waar woon …?,Waar woon je?,"Naar een woonplaats vragen met een woord, vaste uitdrukking of korte zin.","Wacht op de vraag. Geef één kort, passend antwoord. Gebruik de oefenfeiten; ontbrekende informatie mag je verzinnen.",De spreker kan naar een woonplaats vragen. Een begrijpelijk woord of een vaste korte zin is genoeg; het model is niet het enige goede antwoord.,Optioneel: wissel van rol. Stel dezelfde vraag en luister naar het nieuwe antwoord.
mx-0-kennismaken-02-triangle,route-0,triangle,kennismaken,Stad of dorp kiezen,Kies een woonplek voor je rol: stad of dorp.,Beide keuzes zijn goed.,Ik woon in een …,Ik woon in een dorp.,"Stad of dorp kiezen met een woord, vaste uitdrukking of korte zin.",Luister naar de keuze. Herhaal alleen wat de spreker kiest. Beide aangeboden opties zijn toegestaan.,De spreker kan stad of dorp kiezen. Een begrijpelijk woord of een vaste korte zin is genoeg; het model is niet het enige goede antwoord.,Optioneel: kies de andere mogelijkheid. De partner herhaalt je nieuwe keuze.
mx-0-kennismaken-02-diamond,route-0,diamond,kennismaken,Zich melden als nieuwe buur,Zeg dat je nieuw bent in de buurt.,Een buur begroet je bij de deur.,Ik ben hier …,Ik ben hier nieuw.,"Zich melden als nieuwe buur met een woord, vaste uitdrukking of korte zin.","Speel de aangesproken persoon. Reageer kort op wat de spreker zegt of vraagt. Je mag helpen, bedanken of beleefd nee zeggen.",De spreker kan zich melden als nieuwe buur. Een begrijpelijk woord of een vaste korte zin is genoeg; het model is niet het enige goede antwoord.,"Optioneel: de partner zegt het antwoord nog eens. Reageer met dank je, oké of een begroeting die past."
mx-0-kennismaken-03-circle,route-0,circle,kennismaken,Een land van herkomst noemen,Vertel uit welk land je komt.,Je mag een verzonnen persoon zijn.,Ik kom uit …,Ik kom uit Spanje.,"Een land van herkomst noemen met een woord, vaste uitdrukking of korte zin.",Luister naar de mededeling. Herhaal het genoemde gegeven om te laten merken dat je het begrijpt.,De spreker kan een land van herkomst noemen. Een begrijpelijk woord of een vaste korte zin is genoeg; het model is niet het enige goede antwoord.,Optioneel: wissel van rol. Noem zelf een ander passend gegeven.
mx-0-kennismaken-03-square,route-0,square,kennismaken,Naar herkomst vragen,Vraag uit welk land de ander komt.,De ander mag een persoon verzinnen.,Uit welk land …?,Uit welk land kom je?,"Naar herkomst vragen met een woord, vaste uitdrukking of korte zin.","Wacht op de vraag. Geef één kort, passend antwoord. Gebruik de oefenfeiten; ontbrekende informatie mag je verzinnen.",De spreker kan naar herkomst vragen. Een begrijpelijk woord of een vaste korte zin is genoeg; het model is niet het enige goede antwoord.,Optioneel: wissel van rol. Stel dezelfde vraag en luister naar het nieuwe antwoord.
mx-0-kennismaken-03-triangle,route-0,triangle,kennismaken,Een reisbestemming kiezen,Kies een land voor de reis: België of Duitsland.,Je kiest alleen een bestemming.,Ik ga naar …,Ik ga naar België.,"Een reisbestemming kiezen met een woord, vaste uitdrukking of korte zin.",Luister naar de keuze. Herhaal alleen wat de spreker kiest. Beide aangeboden opties zijn toegestaan.,De spreker kan een reisbestemming kiezen. Een begrijpelijk woord of een vaste korte zin is genoeg; het model is niet het enige goede antwoord.,Optioneel: kies de andere mogelijkheid. De partner herhaalt je nieuwe keuze.
mx-0-kennismaken-03-diamond,route-0,diamond,kennismaken,Passend begroeten,Begroet een nieuwe cursist in de ochtend.,De cursist komt binnen.,Goede…!,Goedemorgen!,"Passend begroeten met een woord, vaste uitdrukking of korte zin.","Speel de aangesproken persoon. Reageer kort op wat de spreker zegt of vraagt. Je mag helpen, bedanken of beleefd nee zeggen.",De spreker kan passend begroeten. Een begrijpelijk woord of een vaste korte zin is genoeg; het model is niet het enige goede antwoord.,"Optioneel: de partner zegt het antwoord nog eens. Reageer met dank je, oké of een begroeting die past."
mx-0-kennismaken-04-circle,route-0,circle,kennismaken,Een taal noemen,Vertel welke taal je spreekt.,Eén taal noemen is genoeg.,Ik spreek …,Ik spreek Arabisch.,"Een taal noemen met een woord, vaste uitdrukking of korte zin.",Luister naar de mededeling. Herhaal het genoemde gegeven om te laten merken dat je het begrijpt.,De spreker kan een taal noemen. Een begrijpelijk woord of een vaste korte zin is genoeg; het model is niet het enige goede antwoord.,Optioneel: wissel van rol. Noem zelf een ander passend gegeven.
mx-0-kennismaken-04-square,route-0,square,kennismaken,Naar een gedeelde taal vragen,Vraag of de ander Nederlands spreekt.,Je ontmoet iemand bij de bushalte.,Spreek je …?,Spreek je Nederlands?,"Naar een gedeelde taal vragen met een woord, vaste uitdrukking of korte zin.","Wacht op de vraag. Geef één kort, passend antwoord. Gebruik de oefenfeiten; ontbrekende informatie mag je verzinnen.",De spreker kan naar een gedeelde taal vragen. Een begrijpelijk woord of een vaste korte zin is genoeg; het model is niet het enige goede antwoord.,Optioneel: wissel van rol. Stel dezelfde vraag en luister naar het nieuwe antwoord.
mx-0-kennismaken-04-triangle,route-0,triangle,kennismaken,Een oefentaal kiezen,Kies een taal om te oefenen: Nederlands of Engels.,Je oefent met een taalmaat.,Ik oefen …,Ik oefen Nederlands.,"Een oefentaal kiezen met een woord, vaste uitdrukking of korte zin.",Luister naar de keuze. Herhaal alleen wat de spreker kiest. Beide aangeboden opties zijn toegestaan.,De spreker kan een oefentaal kiezen. Een begrijpelijk woord of een vaste korte zin is genoeg; het model is niet het enige goede antwoord.,Optioneel: kies de andere mogelijkheid. De partner herhaalt je nieuwe keuze.
mx-0-kennismaken-04-diamond,route-0,diamond,kennismaken,Om langzaam spreken vragen,Vraag de medewerker langzaam te praten.,Je begrijpt de snelle uitleg niet.,Wilt u … praten?,Wilt u langzaam praten?,"Om langzaam spreken vragen met een woord, vaste uitdrukking of korte zin.","Speel de aangesproken persoon. Reageer kort op wat de spreker zegt of vraagt. Je mag helpen, bedanken of beleefd nee zeggen.",De spreker kan om langzaam spreken vragen. Een begrijpelijk woord of een vaste korte zin is genoeg; het model is niet het enige goede antwoord.,"Optioneel: de partner zegt het antwoord nog eens. Reageer met dank je, oké of een begroeting die past."
mx-0-kennismaken-05-circle,route-0,circle,kennismaken,Een dagelijkse activiteit noemen,Vertel wat je overdag doet.,"Bijvoorbeeld: werken, leren of thuis zijn. Verzin gerust iets.",Ik werk … / Ik leer …,Ik werk in een winkel.,"Een dagelijkse activiteit noemen met een woord, vaste uitdrukking of korte zin.",Luister naar de mededeling. Herhaal het genoemde gegeven om te laten merken dat je het begrijpt.,De spreker kan een dagelijkse activiteit noemen. Een begrijpelijk woord of een vaste korte zin is genoeg; het model is niet het enige goede antwoord.,Optioneel: wissel van rol. Noem zelf een ander passend gegeven.
mx-0-kennismaken-05-square,route-0,square,kennismaken,Naar werken op deze dag vragen,Vraag of de ander vandaag werkt.,Je praat in de pauze.,Werk je …?,Werk je vandaag?,"Naar werken op deze dag vragen met een woord, vaste uitdrukking of korte zin.","Wacht op de vraag. Geef één kort, passend antwoord. Gebruik de oefenfeiten; ontbrekende informatie mag je verzinnen.",De spreker kan naar werken op deze dag vragen. Een begrijpelijk woord of een vaste korte zin is genoeg; het model is niet het enige goede antwoord.,Optioneel: wissel van rol. Stel dezelfde vraag en luister naar het nieuwe antwoord.
mx-0-kennismaken-05-triangle,route-0,triangle,kennismaken,Een dagdeel kiezen,Kies een lestijd: ochtend of avond.,Beide tijden zijn mogelijk.,Ik kies de …,Ik kies de ochtend.,"Een dagdeel kiezen met een woord, vaste uitdrukking of korte zin.",Luister naar de keuze. Herhaal alleen wat de spreker kiest. Beide aangeboden opties zijn toegestaan.,De spreker kan een dagdeel kiezen. Een begrijpelijk woord of een vaste korte zin is genoeg; het model is niet het enige goede antwoord.,Optioneel: kies de andere mogelijkheid. De partner herhaalt je nieuwe keuze.
mx-0-kennismaken-05-diamond,route-0,diamond,kennismaken,Afwezigheid doorgeven,Zeg tegen de docent dat je vandaag werkt.,Je kunt vandaag niet naar de les. Je oefent een bericht.,Ik kan niet …,Ik kan niet komen. Ik werk.,"Afwezigheid doorgeven met een woord, vaste uitdrukking of korte zin.","Speel de aangesproken persoon. Reageer kort op wat de spreker zegt of vraagt. Je mag helpen, bedanken of beleefd nee zeggen.",De spreker kan afwezigheid doorgeven. Een begrijpelijk woord of een vaste korte zin is genoeg; het model is niet het enige goede antwoord.,"Optioneel: de partner zegt het antwoord nog eens. Reageer met dank je, oké of een begroeting die past."
mx-0-kennismaken-06-circle,route-0,circle,kennismaken,Een verjaardagsmaand noemen,Vertel in welke maand je jarig bent.,Je mag een maand verzinnen.,Ik ben in … jarig.,Ik ben in mei jarig.,"Een verjaardagsmaand noemen met een woord, vaste uitdrukking of korte zin.",Luister naar de mededeling. Herhaal het genoemde gegeven om te laten merken dat je het begrijpt.,De spreker kan een verjaardagsmaand noemen. Een begrijpelijk woord of een vaste korte zin is genoeg; het model is niet het enige goede antwoord.,Optioneel: wissel van rol. Noem zelf een ander passend gegeven.
mx-0-kennismaken-06-square,route-0,square,kennismaken,Naar een verjaardagsmaand vragen,Vraag wanneer de ander jarig is.,Een maand is genoeg. Verzin gerust iets.,Wanneer ben je …?,Wanneer ben je jarig?,"Naar een verjaardagsmaand vragen met een woord, vaste uitdrukking of korte zin.","Wacht op de vraag. Geef één kort, passend antwoord. Gebruik de oefenfeiten; ontbrekende informatie mag je verzinnen.",De spreker kan naar een verjaardagsmaand vragen. Een begrijpelijk woord of een vaste korte zin is genoeg; het model is niet het enige goede antwoord.,Optioneel: wissel van rol. Stel dezelfde vraag en luister naar het nieuwe antwoord.
mx-0-kennismaken-06-triangle,route-0,triangle,kennismaken,Een feestplek kiezen,Kies een plek voor een feest: thuis of buiten.,Het is droog. Beide keuzes kunnen.,Het feest is …,Het feest is thuis.,"Een feestplek kiezen met een woord, vaste uitdrukking of korte zin.",Luister naar de keuze. Herhaal alleen wat de spreker kiest. Beide aangeboden opties zijn toegestaan.,De spreker kan een feestplek kiezen. Een begrijpelijk woord of een vaste korte zin is genoeg; het model is niet het enige goede antwoord.,Optioneel: kies de andere mogelijkheid. De partner herhaalt je nieuwe keuze.
mx-0-kennismaken-06-diamond,route-0,diamond,kennismaken,Iemand feliciteren,Feliciteer een cursist met een verjaardag.,De cursist is vandaag jarig in het spel.,Gefelici…!,Gefeliciteerd!,"Iemand feliciteren met een woord, vaste uitdrukking of korte zin.","Speel de aangesproken persoon. Reageer kort op wat de spreker zegt of vraagt. Je mag helpen, bedanken of beleefd nee zeggen.",De spreker kan iemand feliciteren. Een begrijpelijk woord of een vaste korte zin is genoeg; het model is niet het enige goede antwoord.,"Optioneel: de partner zegt het antwoord nog eens. Reageer met dank je, oké of een begroeting die past."
mx-0-kennismaken-07-circle,route-0,circle,kennismaken,Een lesdag noemen,Vertel op welke dag je les hebt.,Je mag een lesdag verzinnen.,Ik heb … les.,Ik heb maandag les.,"Een lesdag noemen met een woord, vaste uitdrukking of korte zin.",Luister naar de mededeling. Herhaal het genoemde gegeven om te laten merken dat je het begrijpt.,De spreker kan een lesdag noemen. Een begrijpelijk woord of een vaste korte zin is genoeg; het model is niet het enige goede antwoord.,Optioneel: wissel van rol. Noem zelf een ander passend gegeven.
mx-0-kennismaken-07-square,route-0,square,kennismaken,Naar een lesdag vragen,Vraag op welke dag de ander les heeft.,De ander kiest een dag.,Welke dag …?,Welke dag heb je les?,"Naar een lesdag vragen met een woord, vaste uitdrukking of korte zin.","Wacht op de vraag. Geef één kort, passend antwoord. Gebruik de oefenfeiten; ontbrekende informatie mag je verzinnen.",De spreker kan naar een lesdag vragen. Een begrijpelijk woord of een vaste korte zin is genoeg; het model is niet het enige goede antwoord.,Optioneel: wissel van rol. Stel dezelfde vraag en luister naar het nieuwe antwoord.
mx-0-kennismaken-07-triangle,route-0,triangle,kennismaken,Een lesdag kiezen,Kies een lesdag: dinsdag of donderdag.,Beide dagen zijn vrij in het oefenrooster.,Ik kies …,Ik kies donderdag.,"Een lesdag kiezen met een woord, vaste uitdrukking of korte zin.",Luister naar de keuze. Herhaal alleen wat de spreker kiest. Beide aangeboden opties zijn toegestaan.,De spreker kan een lesdag kiezen. Een begrijpelijk woord of een vaste korte zin is genoeg; het model is niet het enige goede antwoord.,Optioneel: kies de andere mogelijkheid. De partner herhaalt je nieuwe keuze.
mx-0-kennismaken-07-diamond,route-0,diamond,kennismaken,Een lesdag corrigeren,Verbeter de lesdag op het kaartje.,Op het kaartje staat dinsdag. Jouw les is donderdag.,"…, niet …","Donderdag, niet dinsdag.","Een lesdag corrigeren met een woord, vaste uitdrukking of korte zin.","Speel de aangesproken persoon. Reageer kort op wat de spreker zegt of vraagt. Je mag helpen, bedanken of beleefd nee zeggen.",De spreker kan een lesdag corrigeren. Een begrijpelijk woord of een vaste korte zin is genoeg; het model is niet het enige goede antwoord.,"Optioneel: de partner zegt het antwoord nog eens. Reageer met dank je, oké of een begroeting die past."
mx-0-kennismaken-08-circle,route-0,circle,kennismaken,Een begintijd doorgeven,Vertel hoe laat jouw les begint.,Oefenrooster: de les begint om negen uur.,De les begint om …,De les begint om negen uur.,"Een begintijd doorgeven met een woord, vaste uitdrukking of korte zin.",Luister naar de mededeling. Herhaal het genoemde gegeven om te laten merken dat je het begrijpt.,De spreker kan een begintijd doorgeven. Een begrijpelijk woord of een vaste korte zin is genoeg; het model is niet het enige goede antwoord.,Optioneel: wissel van rol. Noem zelf een ander passend gegeven.
mx-0-kennismaken-08-square,route-0,square,kennismaken,Naar een begintijd vragen,Vraag hoe laat de les begint.,De docent weet de tijd.,Hoe laat begint …?,Hoe laat begint de les?,"Naar een begintijd vragen met een woord, vaste uitdrukking of korte zin.","Wacht op de vraag. Geef één kort, passend antwoord. Gebruik de oefenfeiten; ontbrekende informatie mag je verzinnen.",De spreker kan naar een begintijd vragen. Een begrijpelijk woord of een vaste korte zin is genoeg; het model is niet het enige goede antwoord.,Optioneel: wissel van rol. Stel dezelfde vraag en luister naar het nieuwe antwoord.
mx-0-kennismaken-08-triangle,route-0,triangle,kennismaken,Een begintijd kiezen,Kies een begintijd: negen uur of tien uur.,Beide tijden kunnen.,Ik begin om …,Ik begin om tien uur.,"Een begintijd kiezen met een woord, vaste uitdrukking of korte zin.",Luister naar de keuze. Herhaal alleen wat de spreker kiest. Beide aangeboden opties zijn toegestaan.,De spreker kan een begintijd kiezen. Een begrijpelijk woord of een vaste korte zin is genoeg; het model is niet het enige goede antwoord.,Optioneel: kies de andere mogelijkheid. De partner herhaalt je nieuwe keuze.
mx-0-kennismaken-08-diamond,route-0,diamond,kennismaken,Toestemming vragen om binnen te komen,Vraag of je naar binnen mag.,Je bent bij het lokaal. De les begint.,Mag ik …?,Mag ik binnenkomen?,"Toestemming vragen om binnen te komen met een woord, vaste uitdrukking of korte zin.","Speel de aangesproken persoon. Reageer kort op wat de spreker zegt of vraagt. Je mag helpen, bedanken of beleefd nee zeggen.",De spreker kan toestemming vragen om binnen te komen. Een begrijpelijk woord of een vaste korte zin is genoeg; het model is niet het enige goede antwoord.,"Optioneel: de partner zegt het antwoord nog eens. Reageer met dank je, oké of een begroeting die past."
mx-0-kennismaken-09-circle,route-0,circle,kennismaken,Een bekende plek noemen,Vertel welke plek in de buurt je kent.,"Bijvoorbeeld: park, winkel of bibliotheek.",Ik ken …,Ik ken het park.,"Een bekende plek noemen met een woord, vaste uitdrukking of korte zin.",Luister naar de mededeling. Herhaal het genoemde gegeven om te laten merken dat je het begrijpt.,De spreker kan een bekende plek noemen. Een begrijpelijk woord of een vaste korte zin is genoeg; het model is niet het enige goede antwoord.,Optioneel: wissel van rol. Noem zelf een ander passend gegeven.
mx-0-kennismaken-09-square,route-0,square,kennismaken,Naar een buurtvoorziening vragen,Vraag waar de bibliotheek is.,Je praat met een buur.,Waar is …?,Waar is de bibliotheek?,"Naar een buurtvoorziening vragen met een woord, vaste uitdrukking of korte zin.","Wacht op de vraag. Geef één kort, passend antwoord. Gebruik de oefenfeiten; ontbrekende informatie mag je verzinnen.",De spreker kan naar een buurtvoorziening vragen. Een begrijpelijk woord of een vaste korte zin is genoeg; het model is niet het enige goede antwoord.,Optioneel: wissel van rol. Stel dezelfde vraag en luister naar het nieuwe antwoord.
mx-0-kennismaken-09-triangle,route-0,triangle,kennismaken,Een plek voor een bezoek kiezen,Kies een plek voor een bezoek: park of bibliotheek.,Je hebt vrij. Beide plekken zijn open.,Ik bezoek …,Ik bezoek de bibliotheek.,"Een plek voor een bezoek kiezen met een woord, vaste uitdrukking of korte zin.",Luister naar de keuze. Herhaal alleen wat de spreker kiest. Beide aangeboden opties zijn toegestaan.,De spreker kan een plek voor een bezoek kiezen. Een begrijpelijk woord of een vaste korte zin is genoeg; het model is niet het enige goede antwoord.,Optioneel: kies de andere mogelijkheid. De partner herhaalt je nieuwe keuze.
mx-0-kennismaken-09-diamond,route-0,diamond,kennismaken,Iemand uitnodigen,Vraag de buur mee naar het park.,Je gaat nu wandelen.,Ga je mee naar …?,Ga je mee naar het park?,"Iemand uitnodigen met een woord, vaste uitdrukking of korte zin.","Speel de aangesproken persoon. Reageer kort op wat de spreker zegt of vraagt. Je mag helpen, bedanken of beleefd nee zeggen.",De spreker kan iemand uitnodigen. Een begrijpelijk woord of een vaste korte zin is genoeg; het model is niet het enige goede antwoord.,"Optioneel: de partner zegt het antwoord nog eens. Reageer met dank je, oké of een begroeting die past."
mx-0-kennismaken-10-circle,route-0,circle,kennismaken,Een manier van contact noemen,Vertel hoe je berichten krijgt.,Bijvoorbeeld: op je telefoon of op papier.,Ik krijg een bericht op …,Ik krijg een bericht op mijn telefoon.,"Een manier van contact noemen met een woord, vaste uitdrukking of korte zin.",Luister naar de mededeling. Herhaal het genoemde gegeven om te laten merken dat je het begrijpt.,De spreker kan een manier van contact noemen. Een begrijpelijk woord of een vaste korte zin is genoeg; het model is niet het enige goede antwoord.,Optioneel: wissel van rol. Noem zelf een ander passend gegeven.
mx-0-kennismaken-10-square,route-0,square,kennismaken,Naar een contactmogelijkheid vragen,Vraag of de ander een telefoon heeft.,Je wilt weten of jullie kunnen bellen.,Heb je een …?,Heb je een telefoon?,"Naar een contactmogelijkheid vragen met een woord, vaste uitdrukking of korte zin.","Wacht op de vraag. Geef één kort, passend antwoord. Gebruik de oefenfeiten; ontbrekende informatie mag je verzinnen.",De spreker kan naar een contactmogelijkheid vragen. Een begrijpelijk woord of een vaste korte zin is genoeg; het model is niet het enige goede antwoord.,Optioneel: wissel van rol. Stel dezelfde vraag en luister naar het nieuwe antwoord.
mx-0-kennismaken-10-triangle,route-0,triangle,kennismaken,Een contactvorm kiezen,Kies hoe je contact maakt: bellen of een bericht.,Je wilt iets aan een vriend vertellen.,Ik stuur … / Ik bel …,Ik stuur een bericht.,"Een contactvorm kiezen met een woord, vaste uitdrukking of korte zin.",Luister naar de keuze. Herhaal alleen wat de spreker kiest. Beide aangeboden opties zijn toegestaan.,De spreker kan een contactvorm kiezen. Een begrijpelijk woord of een vaste korte zin is genoeg; het model is niet het enige goede antwoord.,Optioneel: kies de andere mogelijkheid. De partner herhaalt je nieuwe keuze.
mx-0-kennismaken-10-diamond,route-0,diamond,kennismaken,Om herhaling vragen,Vraag iemand de naam nog eens te zeggen.,Je hoort de naam niet goed.,"Nog een keer, …","Nog een keer, alstublieft.","Om herhaling vragen met een woord, vaste uitdrukking of korte zin.","Speel de aangesproken persoon. Reageer kort op wat de spreker zegt of vraagt. Je mag helpen, bedanken of beleefd nee zeggen.",De spreker kan om herhaling vragen. Een begrijpelijk woord of een vaste korte zin is genoeg; het model is niet het enige goede antwoord.,"Optioneel: de partner zegt het antwoord nog eens. Reageer met dank je, oké of een begroeting die past."
mx-0-spullen-01-circle,route-0,circle,spullen,Een voorwerp in de tas noemen,Vertel wat er in je tas zit.,Gebruik een echte tas of verzin de inhoud.,Er zit … in mijn tas.,Er zit een boek in mijn tas.,"Een voorwerp in de tas noemen met een woord, vaste uitdrukking of korte zin.",Luister naar de mededeling. Herhaal het genoemde gegeven om te laten merken dat je het begrijpt.,De spreker kan een voorwerp in de tas noemen. Een begrijpelijk woord of een vaste korte zin is genoeg; het model is niet het enige goede antwoord.,Optioneel: wissel van rol. Noem zelf een ander passend gegeven.
mx-0-spullen-01-square,route-0,square,spullen,Naar de eigenaar van een tas vragen,Vraag van wie de blauwe tas is.,Er staat een blauwe tas bij de tafel.,Van wie is …?,Van wie is de blauwe tas?,"Naar de eigenaar van een tas vragen met een woord, vaste uitdrukking of korte zin.","Wacht op de vraag. Geef één kort, passend antwoord. Gebruik de oefenfeiten; ontbrekende informatie mag je verzinnen.",De spreker kan naar de eigenaar van een tas vragen. Een begrijpelijk woord of een vaste korte zin is genoeg; het model is niet het enige goede antwoord.,Optioneel: wissel van rol. Stel dezelfde vraag en luister naar het nieuwe antwoord.
mx-0-spullen-01-triangle,route-0,triangle,spullen,Een tas kiezen,Kies een tas: groot of klein.,Je mag beide tassen gebruiken.,Ik neem de … tas.,Ik neem de kleine tas.,"Een tas kiezen met een woord, vaste uitdrukking of korte zin.",Luister naar de keuze. Herhaal alleen wat de spreker kiest. Beide aangeboden opties zijn toegestaan.,De spreker kan een tas kiezen. Een begrijpelijk woord of een vaste korte zin is genoeg; het model is niet het enige goede antwoord.,Optioneel: kies de andere mogelijkheid. De partner herhaalt je nieuwe keuze.
mx-0-spullen-01-diamond,route-0,diamond,spullen,Om een tas vragen,Vraag of je een tas mag lenen.,Je moet boeken meenemen. Je hebt geen tas.,Mag ik een … lenen?,Mag ik een tas lenen?,"Om een tas vragen met een woord, vaste uitdrukking of korte zin.","Speel de aangesproken persoon. Reageer kort op wat de spreker zegt of vraagt. Je mag helpen, bedanken of beleefd nee zeggen.",De spreker kan om een tas vragen. Een begrijpelijk woord of een vaste korte zin is genoeg; het model is niet het enige goede antwoord.,"Optioneel: de partner zegt het antwoord nog eens. Reageer met dank je, oké of een begroeting die past."
mx-0-spullen-02-circle,route-0,circle,spullen,De kleur van een pen noemen,Vertel welke kleur de pen heeft.,Kijk naar een pen of verzin een kleur.,De pen is …,De pen is zwart.,"De kleur van een pen noemen met een woord, vaste uitdrukking of korte zin.",Luister naar de mededeling. Herhaal het genoemde gegeven om te laten merken dat je het begrijpt.,De spreker kan de kleur van een pen noemen. Een begrijpelijk woord of een vaste korte zin is genoeg; het model is niet het enige goede antwoord.,Optioneel: wissel van rol. Noem zelf een ander passend gegeven.
mx-0-spullen-02-square,route-0,square,spullen,Naar de plaats van pennen vragen,Vraag waar de pennen liggen.,Je wilt schrijven.,Waar liggen …?,Waar liggen de pennen?,"Naar de plaats van pennen vragen met een woord, vaste uitdrukking of korte zin.","Wacht op de vraag. Geef één kort, passend antwoord. Gebruik de oefenfeiten; ontbrekende informatie mag je verzinnen.",De spreker kan naar de plaats van pennen vragen. Een begrijpelijk woord of een vaste korte zin is genoeg; het model is niet het enige goede antwoord.,Optioneel: wissel van rol. Stel dezelfde vraag en luister naar het nieuwe antwoord.
mx-0-spullen-02-triangle,route-0,triangle,spullen,Een pen kiezen,Kies een pen: blauw of zwart.,Beide kleuren mogen op het formulier.,Ik schrijf met de … pen.,Ik schrijf met de blauwe pen.,"Een pen kiezen met een woord, vaste uitdrukking of korte zin.",Luister naar de keuze. Herhaal alleen wat de spreker kiest. Beide aangeboden opties zijn toegestaan.,De spreker kan een pen kiezen. Een begrijpelijk woord of een vaste korte zin is genoeg; het model is niet het enige goede antwoord.,Optioneel: kies de andere mogelijkheid. De partner herhaalt je nieuwe keuze.
mx-0-spullen-02-diamond,route-0,diamond,spullen,Om vervanging vragen,Vraag om een andere pen.,Deze pen schrijft niet.,Mag ik een andere …?,Mag ik een andere pen?,"Om vervanging vragen met een woord, vaste uitdrukking of korte zin.","Speel de aangesproken persoon. Reageer kort op wat de spreker zegt of vraagt. Je mag helpen, bedanken of beleefd nee zeggen.",De spreker kan om vervanging vragen. Een begrijpelijk woord of een vaste korte zin is genoeg; het model is niet het enige goede antwoord.,"Optioneel: de partner zegt het antwoord nog eens. Reageer met dank je, oké of een begroeting die past."
mx-0-spullen-03-circle,route-0,circle,spullen,De plek van een sleutel noemen,Vertel waar je sleutel ligt.,"Verzin een plek: tafel, tas of jas.",Mijn sleutel ligt …,Mijn sleutel ligt op tafel.,"De plek van een sleutel noemen met een woord, vaste uitdrukking of korte zin.",Luister naar de mededeling. Herhaal het genoemde gegeven om te laten merken dat je het begrijpt.,De spreker kan de plek van een sleutel noemen. Een begrijpelijk woord of een vaste korte zin is genoeg; het model is niet het enige goede antwoord.,Optioneel: wissel van rol. Noem zelf een ander passend gegeven.
mx-0-spullen-03-square,route-0,square,spullen,De juiste sleutel achterhalen,Vraag welke sleutel van de deur is.,Er liggen twee sleutels. De ander weet het.,Welke sleutel is van …?,Welke sleutel is van de deur?,"De juiste sleutel achterhalen met een woord, vaste uitdrukking of korte zin.","Wacht op de vraag. Geef één kort, passend antwoord. Gebruik de oefenfeiten; ontbrekende informatie mag je verzinnen.",De spreker kan de juiste sleutel achterhalen. Een begrijpelijk woord of een vaste korte zin is genoeg; het model is niet het enige goede antwoord.,Optioneel: wissel van rol. Stel dezelfde vraag en luister naar het nieuwe antwoord.
mx-0-spullen-03-triangle,route-0,triangle,spullen,Een opbergplek kiezen,Kies een plek voor je sleutel: tas of jaszak.,Beide plekken zijn goed.,Ik doe mijn sleutel in …,Ik doe mijn sleutel in mijn jaszak.,"Een opbergplek kiezen met een woord, vaste uitdrukking of korte zin.",Luister naar de keuze. Herhaal alleen wat de spreker kiest. Beide aangeboden opties zijn toegestaan.,De spreker kan een opbergplek kiezen. Een begrijpelijk woord of een vaste korte zin is genoeg; het model is niet het enige goede antwoord.,Optioneel: kies de andere mogelijkheid. De partner herhaalt je nieuwe keuze.
mx-0-spullen-03-diamond,route-0,diamond,spullen,Om een specifieke sleutel vragen,Vraag om de sleutel van het lokaal.,De docent heeft de sleutel.,Mag ik de sleutel van …?,Mag ik de sleutel van het lokaal?,"Om een specifieke sleutel vragen met een woord, vaste uitdrukking of korte zin.","Speel de aangesproken persoon. Reageer kort op wat de spreker zegt of vraagt. Je mag helpen, bedanken of beleefd nee zeggen.",De spreker kan om een specifieke sleutel vragen. Een begrijpelijk woord of een vaste korte zin is genoeg; het model is niet het enige goede antwoord.,"Optioneel: de partner zegt het antwoord nog eens. Reageer met dank je, oké of een begroeting die past."
mx-0-spullen-04-circle,route-0,circle,spullen,Een boek beschrijven,Vertel of het boek dik of dun is.,Kijk naar een boek of verzin er een.,Het boek is …,Het boek is dun.,"Een boek beschrijven met een woord, vaste uitdrukking of korte zin.",Luister naar de mededeling. Herhaal het genoemde gegeven om te laten merken dat je het begrijpt.,De spreker kan een boek beschrijven. Een begrijpelijk woord of een vaste korte zin is genoeg; het model is niet het enige goede antwoord.,Optioneel: wissel van rol. Noem zelf een ander passend gegeven.
mx-0-spullen-04-square,route-0,square,spullen,Een boek herkennen door een vraag,Vraag of dit het lesboek is.,Er ligt een boek op tafel.,Is dit …?,Is dit het lesboek?,"Een boek herkennen door een vraag met een woord, vaste uitdrukking of korte zin.","Wacht op de vraag. Geef één kort, passend antwoord. Gebruik de oefenfeiten; ontbrekende informatie mag je verzinnen.",De spreker kan een boek herkennen door een vraag. Een begrijpelijk woord of een vaste korte zin is genoeg; het model is niet het enige goede antwoord.,Optioneel: wissel van rol. Stel dezelfde vraag en luister naar het nieuwe antwoord.
mx-0-spullen-04-triangle,route-0,triangle,spullen,Een boek kiezen,Kies een boek: met foto's of zonder foto's.,Je mag zelf een boek kiezen.,Ik kies het boek met …,Ik kies het boek met foto's.,"Een boek kiezen met een woord, vaste uitdrukking of korte zin.",Luister naar de keuze. Herhaal alleen wat de spreker kiest. Beide aangeboden opties zijn toegestaan.,De spreker kan een boek kiezen. Een begrijpelijk woord of een vaste korte zin is genoeg; het model is niet het enige goede antwoord.,Optioneel: kies de andere mogelijkheid. De partner herhaalt je nieuwe keuze.
mx-0-spullen-04-diamond,route-0,diamond,spullen,Toestemming vragen om een boek te bekijken,Vraag of je een boek mag bekijken.,Het boek ligt bij de docent.,Mag ik dit boek …?,Mag ik dit boek bekijken?,"Toestemming vragen om een boek te bekijken met een woord, vaste uitdrukking of korte zin.","Speel de aangesproken persoon. Reageer kort op wat de spreker zegt of vraagt. Je mag helpen, bedanken of beleefd nee zeggen.",De spreker kan toestemming vragen om een boek te bekijken. Een begrijpelijk woord of een vaste korte zin is genoeg; het model is niet het enige goede antwoord.,"Optioneel: de partner zegt het antwoord nog eens. Reageer met dank je, oké of een begroeting die past."
mx-0-spullen-05-circle,route-0,circle,spullen,De plek van een telefoon noemen,Vertel waar je telefoon is.,Je mag een plek verzinnen.,Mijn telefoon zit in …,Mijn telefoon zit in mijn tas.,"De plek van een telefoon noemen met een woord, vaste uitdrukking of korte zin.",Luister naar de mededeling. Herhaal het genoemde gegeven om te laten merken dat je het begrijpt.,De spreker kan de plek van een telefoon noemen. Een begrijpelijk woord of een vaste korte zin is genoeg; het model is niet het enige goede antwoord.,Optioneel: wissel van rol. Noem zelf een ander passend gegeven.
mx-0-spullen-05-square,route-0,square,spullen,Naar de eigenaar van een telefoon vragen,Vraag of de telefoon van de ander is.,Er ligt een telefoon op de stoel.,Is deze … van jou?,Is deze telefoon van jou?,"Naar de eigenaar van een telefoon vragen met een woord, vaste uitdrukking of korte zin.","Wacht op de vraag. Geef één kort, passend antwoord. Gebruik de oefenfeiten; ontbrekende informatie mag je verzinnen.",De spreker kan naar de eigenaar van een telefoon vragen. Een begrijpelijk woord of een vaste korte zin is genoeg; het model is niet het enige goede antwoord.,Optioneel: wissel van rol. Stel dezelfde vraag en luister naar het nieuwe antwoord.
mx-0-spullen-05-triangle,route-0,triangle,spullen,Een telefoonstand kiezen,Kies de telefoon: geluid aan of geluid uit.,Jullie gaan aan een oefening beginnen.,Ik zet het geluid …,Ik zet het geluid uit.,"Een telefoonstand kiezen met een woord, vaste uitdrukking of korte zin.",Luister naar de keuze. Herhaal alleen wat de spreker kiest. Beide aangeboden opties zijn toegestaan.,De spreker kan een telefoonstand kiezen. Een begrijpelijk woord of een vaste korte zin is genoeg; het model is niet het enige goede antwoord.,Optioneel: kies de andere mogelijkheid. De partner herhaalt je nieuwe keuze.
mx-0-spullen-05-diamond,route-0,diamond,spullen,Om telefoongebruik vragen,Vraag of je even mag bellen.,Je eigen telefoon is leeg. De ander heeft een telefoon.,Mag ik even …?,Mag ik even bellen?,"Om telefoongebruik vragen met een woord, vaste uitdrukking of korte zin.","Speel de aangesproken persoon. Reageer kort op wat de spreker zegt of vraagt. Je mag helpen, bedanken of beleefd nee zeggen.",De spreker kan om telefoongebruik vragen. Een begrijpelijk woord of een vaste korte zin is genoeg; het model is niet het enige goede antwoord.,"Optioneel: de partner zegt het antwoord nog eens. Reageer met dank je, oké of een begroeting die past."
mx-0-spullen-06-circle,route-0,circle,spullen,De inhoud van een fles noemen,Vertel wat er in de fles zit.,Kies zelf een drankje voor de oefening.,Er zit … in de fles.,Er zit water in de fles.,"De inhoud van een fles noemen met een woord, vaste uitdrukking of korte zin.",Luister naar de mededeling. Herhaal het genoemde gegeven om te laten merken dat je het begrijpt.,De spreker kan de inhoud van een fles noemen. Een begrijpelijk woord of een vaste korte zin is genoeg; het model is niet het enige goede antwoord.,Optioneel: wissel van rol. Noem zelf een ander passend gegeven.
mx-0-spullen-06-square,route-0,square,spullen,Naar de inhoud van een fles vragen,Vraag of de fles vol is.,Je kunt het niet goed zien.,Is de fles …?,Is de fles vol?,"Naar de inhoud van een fles vragen met een woord, vaste uitdrukking of korte zin.","Wacht op de vraag. Geef één kort, passend antwoord. Gebruik de oefenfeiten; ontbrekende informatie mag je verzinnen.",De spreker kan naar de inhoud van een fles vragen. Een begrijpelijk woord of een vaste korte zin is genoeg; het model is niet het enige goede antwoord.,Optioneel: wissel van rol. Stel dezelfde vraag en luister naar het nieuwe antwoord.
mx-0-spullen-06-triangle,route-0,triangle,spullen,Een fles kiezen,Kies een fles: groot of klein.,Je neemt drinken mee.,Ik neem de … fles.,Ik neem de grote fles.,"Een fles kiezen met een woord, vaste uitdrukking of korte zin.",Luister naar de keuze. Herhaal alleen wat de spreker kiest. Beide aangeboden opties zijn toegestaan.,De spreker kan een fles kiezen. Een begrijpelijk woord of een vaste korte zin is genoeg; het model is niet het enige goede antwoord.,Optioneel: kies de andere mogelijkheid. De partner herhaalt je nieuwe keuze.
mx-0-spullen-06-diamond,route-0,diamond,spullen,Toestemming vragen om water te pakken,Vraag of je de fles mag vullen.,Je fles is leeg. Er is een kraan.,Mag ik mijn fles …?,Mag ik mijn fles vullen?,"Toestemming vragen om water te pakken met een woord, vaste uitdrukking of korte zin.","Speel de aangesproken persoon. Reageer kort op wat de spreker zegt of vraagt. Je mag helpen, bedanken of beleefd nee zeggen.",De spreker kan toestemming vragen om water te pakken. Een begrijpelijk woord of een vaste korte zin is genoeg; het model is niet het enige goede antwoord.,"Optioneel: de partner zegt het antwoord nog eens. Reageer met dank je, oké of een begroeting die past."
mx-0-spullen-07-circle,route-0,circle,spullen,De kleur van een jas noemen,Vertel welke kleur je jas heeft.,Je mag een jas verzinnen.,Mijn jas is …,Mijn jas is groen.,"De kleur van een jas noemen met een woord, vaste uitdrukking of korte zin.",Luister naar de mededeling. Herhaal het genoemde gegeven om te laten merken dat je het begrijpt.,De spreker kan de kleur van een jas noemen. Een begrijpelijk woord of een vaste korte zin is genoeg; het model is niet het enige goede antwoord.,Optioneel: wissel van rol. Noem zelf een ander passend gegeven.
mx-0-spullen-07-square,route-0,square,spullen,Naar een jas vragen,Vraag waar je jas hangt.,Je ziet de jas niet.,Waar hangt …?,Waar hangt mijn jas?,"Naar een jas vragen met een woord, vaste uitdrukking of korte zin.","Wacht op de vraag. Geef één kort, passend antwoord. Gebruik de oefenfeiten; ontbrekende informatie mag je verzinnen.",De spreker kan naar een jas vragen. Een begrijpelijk woord of een vaste korte zin is genoeg; het model is niet het enige goede antwoord.,Optioneel: wissel van rol. Stel dezelfde vraag en luister naar het nieuwe antwoord.
mx-0-spullen-07-triangle,route-0,triangle,spullen,Een jas kiezen,Kies een jas: warm of dun.,Je bepaalt zelf welke jas je wilt dragen.,Ik draag de … jas.,Ik draag de warme jas.,"Een jas kiezen met een woord, vaste uitdrukking of korte zin.",Luister naar de keuze. Herhaal alleen wat de spreker kiest. Beide aangeboden opties zijn toegestaan.,De spreker kan een jas kiezen. Een begrijpelijk woord of een vaste korte zin is genoeg; het model is niet het enige goede antwoord.,Optioneel: kies de andere mogelijkheid. De partner herhaalt je nieuwe keuze.
mx-0-spullen-07-diamond,route-0,diamond,spullen,Om een plek voor de jas vragen,Vraag waar je je jas mag ophangen.,Je komt de lesruimte binnen.,Waar mag mijn jas …?,Waar mag mijn jas hangen?,"Om een plek voor de jas vragen met een woord, vaste uitdrukking of korte zin.","Speel de aangesproken persoon. Reageer kort op wat de spreker zegt of vraagt. Je mag helpen, bedanken of beleefd nee zeggen.",De spreker kan om een plek voor de jas vragen. Een begrijpelijk woord of een vaste korte zin is genoeg; het model is niet het enige goede antwoord.,"Optioneel: de partner zegt het antwoord nog eens. Reageer met dank je, oké of een begroeting die past."
mx-0-spullen-08-circle,route-0,circle,spullen,Een stoel beschrijven,Vertel of de stoel hoog of laag is.,Kijk naar een stoel of verzin er een.,Deze stoel is …,Deze stoel is laag.,"Een stoel beschrijven met een woord, vaste uitdrukking of korte zin.",Luister naar de mededeling. Herhaal het genoemde gegeven om te laten merken dat je het begrijpt.,De spreker kan een stoel beschrijven. Een begrijpelijk woord of een vaste korte zin is genoeg; het model is niet het enige goede antwoord.,Optioneel: wissel van rol. Noem zelf een ander passend gegeven.
mx-0-spullen-08-square,route-0,square,spullen,Naar een vrije plek vragen,Vraag of de stoel vrij is.,Je zoekt een zitplek.,Is deze stoel …?,Is deze stoel vrij?,"Naar een vrije plek vragen met een woord, vaste uitdrukking of korte zin.","Wacht op de vraag. Geef één kort, passend antwoord. Gebruik de oefenfeiten; ontbrekende informatie mag je verzinnen.",De spreker kan naar een vrije plek vragen. Een begrijpelijk woord of een vaste korte zin is genoeg; het model is niet het enige goede antwoord.,Optioneel: wissel van rol. Stel dezelfde vraag en luister naar het nieuwe antwoord.
mx-0-spullen-08-triangle,route-0,triangle,spullen,Een zitplek kiezen,Kies een zitplek: bij het raam of de deur.,Beide stoelen zijn vrij.,Ik zit bij …,Ik zit bij het raam.,"Een zitplek kiezen met een woord, vaste uitdrukking of korte zin.",Luister naar de keuze. Herhaal alleen wat de spreker kiest. Beide aangeboden opties zijn toegestaan.,De spreker kan een zitplek kiezen. Een begrijpelijk woord of een vaste korte zin is genoeg; het model is niet het enige goede antwoord.,Optioneel: kies de andere mogelijkheid. De partner herhaalt je nieuwe keuze.
mx-0-spullen-08-diamond,route-0,diamond,spullen,Toestemming vragen om een stoel te pakken,Vraag of je de stoel mag pakken.,Er staat een lege stoel bij de ander.,Mag ik deze stoel …?,Mag ik deze stoel pakken?,"Toestemming vragen om een stoel te pakken met een woord, vaste uitdrukking of korte zin.","Speel de aangesproken persoon. Reageer kort op wat de spreker zegt of vraagt. Je mag helpen, bedanken of beleefd nee zeggen.",De spreker kan toestemming vragen om een stoel te pakken. Een begrijpelijk woord of een vaste korte zin is genoeg; het model is niet het enige goede antwoord.,"Optioneel: de partner zegt het antwoord nog eens. Reageer met dank je, oké of een begroeting die past."
mx-0-spullen-09-circle,route-0,circle,spullen,Een voorwerp op tafel noemen,Vertel wat er op tafel ligt.,Kijk rond of verzin één voorwerp.,Er ligt … op tafel.,Er ligt een schrift op tafel.,"Een voorwerp op tafel noemen met een woord, vaste uitdrukking of korte zin.",Luister naar de mededeling. Herhaal het genoemde gegeven om te laten merken dat je het begrijpt.,De spreker kan een voorwerp op tafel noemen. Een begrijpelijk woord of een vaste korte zin is genoeg; het model is niet het enige goede antwoord.,Optioneel: wissel van rol. Noem zelf een ander passend gegeven.
mx-0-spullen-09-square,route-0,square,spullen,Naar een aantal vragen,Vraag hoeveel tafels er zijn.,De ander kijkt rond en telt.,Hoeveel … zijn er?,Hoeveel tafels zijn er?,"Naar een aantal vragen met een woord, vaste uitdrukking of korte zin.","Wacht op de vraag. Geef één kort, passend antwoord. Gebruik de oefenfeiten; ontbrekende informatie mag je verzinnen.",De spreker kan naar een aantal vragen. Een begrijpelijk woord of een vaste korte zin is genoeg; het model is niet het enige goede antwoord.,Optioneel: wissel van rol. Stel dezelfde vraag en luister naar het nieuwe antwoord.
mx-0-spullen-09-triangle,route-0,triangle,spullen,Een werkplek kiezen,Kies een werkplek: de ronde of de lange tafel.,Bij beide tafels is plaats.,Ik kies de … tafel.,Ik kies de ronde tafel.,"Een werkplek kiezen met een woord, vaste uitdrukking of korte zin.",Luister naar de keuze. Herhaal alleen wat de spreker kiest. Beide aangeboden opties zijn toegestaan.,De spreker kan een werkplek kiezen. Een begrijpelijk woord of een vaste korte zin is genoeg; het model is niet het enige goede antwoord.,Optioneel: kies de andere mogelijkheid. De partner herhaalt je nieuwe keuze.
mx-0-spullen-09-diamond,route-0,diamond,spullen,Om praktische hulp vragen,Vraag hulp bij het verplaatsen van de tafel.,De tafel is zwaar. Doe dit alleen als spel.,Help je even met …?,Help je even met de tafel?,"Om praktische hulp vragen met een woord, vaste uitdrukking of korte zin.","Speel de aangesproken persoon. Reageer kort op wat de spreker zegt of vraagt. Je mag helpen, bedanken of beleefd nee zeggen.",De spreker kan om praktische hulp vragen. Een begrijpelijk woord of een vaste korte zin is genoeg; het model is niet het enige goede antwoord.,"Optioneel: de partner zegt het antwoord nog eens. Reageer met dank je, oké of een begroeting die past."
mx-0-spullen-10-circle,route-0,circle,spullen,De plaats van een bril noemen,Vertel waar de bril ligt.,Oefensituatie: een bril ligt op een boek.,De bril ligt op …,De bril ligt op het boek.,"De plaats van een bril noemen met een woord, vaste uitdrukking of korte zin.",Luister naar de mededeling. Herhaal het genoemde gegeven om te laten merken dat je het begrijpt.,De spreker kan de plaats van een bril noemen. Een begrijpelijk woord of een vaste korte zin is genoeg; het model is niet het enige goede antwoord.,Optioneel: wissel van rol. Noem zelf een ander passend gegeven.
mx-0-spullen-10-square,route-0,square,spullen,De eigenaar van een bril zoeken,Vraag van wie de bril is.,Je vindt een bril in het lokaal.,Van wie is deze …?,Van wie is deze bril?,"De eigenaar van een bril zoeken met een woord, vaste uitdrukking of korte zin.","Wacht op de vraag. Geef één kort, passend antwoord. Gebruik de oefenfeiten; ontbrekende informatie mag je verzinnen.",De spreker kan de eigenaar van een bril zoeken. Een begrijpelijk woord of een vaste korte zin is genoeg; het model is niet het enige goede antwoord.,Optioneel: wissel van rol. Stel dezelfde vraag en luister naar het nieuwe antwoord.
mx-0-spullen-10-triangle,route-0,triangle,spullen,Een brillenkoker kiezen,Kies een brillenkoker: rood of zwart.,Beide kokers passen om de bril.,Ik neem de … koker.,Ik neem de rode koker.,"Een brillenkoker kiezen met een woord, vaste uitdrukking of korte zin.",Luister naar de keuze. Herhaal alleen wat de spreker kiest. Beide aangeboden opties zijn toegestaan.,De spreker kan een brillenkoker kiezen. Een begrijpelijk woord of een vaste korte zin is genoeg; het model is niet het enige goede antwoord.,Optioneel: kies de andere mogelijkheid. De partner herhaalt je nieuwe keuze.
mx-0-spullen-10-diamond,route-0,diamond,spullen,Hulp bij zoeken vragen,Vraag hulp bij het zoeken naar je bril.,Je kunt je bril niet vinden. Het is een oefensituatie.,Help je mijn … zoeken?,Help je mijn bril zoeken?,"Hulp bij zoeken vragen met een woord, vaste uitdrukking of korte zin.","Speel de aangesproken persoon. Reageer kort op wat de spreker zegt of vraagt. Je mag helpen, bedanken of beleefd nee zeggen.",De spreker kan hulp bij zoeken vragen. Een begrijpelijk woord of een vaste korte zin is genoeg; het model is niet het enige goede antwoord.,"Optioneel: de partner zegt het antwoord nog eens. Reageer met dank je, oké of een begroeting die past."
mx-0-dagelijks-01-circle,route-0,circle,dagelijks,Eten noemen,Vertel wat je vandaag eet.,Je mag eten verzinnen.,Ik eet …,Ik eet rijst.,"Eten noemen met een woord, vaste uitdrukking of korte zin.",Luister naar de mededeling. Herhaal het genoemde gegeven om te laten merken dat je het begrijpt.,De spreker kan eten noemen. Een begrijpelijk woord of een vaste korte zin is genoeg; het model is niet het enige goede antwoord.,Optioneel: wissel van rol. Noem zelf een ander passend gegeven.
mx-0-dagelijks-01-square,route-0,square,dagelijks,Naar eten vragen,Vraag wat de ander eet.,Jullie praten tijdens de lunch.,Wat eet …?,Wat eet je?,"Naar eten vragen met een woord, vaste uitdrukking of korte zin.","Wacht op de vraag. Geef één kort, passend antwoord. Gebruik de oefenfeiten; ontbrekende informatie mag je verzinnen.",De spreker kan naar eten vragen. Een begrijpelijk woord of een vaste korte zin is genoeg; het model is niet het enige goede antwoord.,Optioneel: wissel van rol. Stel dezelfde vraag en luister naar het nieuwe antwoord.
mx-0-dagelijks-01-triangle,route-0,triangle,dagelijks,Een lunch kiezen,Kies je lunch: brood of soep.,Beide zijn klaar.,Ik neem …,Ik neem soep.,"Een lunch kiezen met een woord, vaste uitdrukking of korte zin.",Luister naar de keuze. Herhaal alleen wat de spreker kiest. Beide aangeboden opties zijn toegestaan.,De spreker kan een lunch kiezen. Een begrijpelijk woord of een vaste korte zin is genoeg; het model is niet het enige goede antwoord.,Optioneel: kies de andere mogelijkheid. De partner herhaalt je nieuwe keuze.
mx-0-dagelijks-01-diamond,route-0,diamond,dagelijks,Uitnodigen voor een lunch,Vraag iemand samen te lunchen.,Het is tijd voor de lunch.,Wil je samen …?,Wil je samen lunchen?,"Uitnodigen voor een lunch met een woord, vaste uitdrukking of korte zin.","Speel de aangesproken persoon. Reageer kort op wat de spreker zegt of vraagt. Je mag helpen, bedanken of beleefd nee zeggen.",De spreker kan uitnodigen voor een lunch. Een begrijpelijk woord of een vaste korte zin is genoeg; het model is niet het enige goede antwoord.,"Optioneel: de partner zegt het antwoord nog eens. Reageer met dank je, oké of een begroeting die past."
mx-0-dagelijks-02-circle,route-0,circle,dagelijks,Een drankje noemen,Vertel wat je nu drinkt.,Verzin een drankje als je niets hebt.,Ik drink …,Ik drink thee.,"Een drankje noemen met een woord, vaste uitdrukking of korte zin.",Luister naar de mededeling. Herhaal het genoemde gegeven om te laten merken dat je het begrijpt.,De spreker kan een drankje noemen. Een begrijpelijk woord of een vaste korte zin is genoeg; het model is niet het enige goede antwoord.,Optioneel: wissel van rol. Noem zelf een ander passend gegeven.
mx-0-dagelijks-02-square,route-0,square,dagelijks,Naar een drinkgewoonte vragen,Vraag of de ander koffie drinkt.,Jullie hebben pauze.,Drink je …?,Drink je koffie?,"Naar een drinkgewoonte vragen met een woord, vaste uitdrukking of korte zin.","Wacht op de vraag. Geef één kort, passend antwoord. Gebruik de oefenfeiten; ontbrekende informatie mag je verzinnen.",De spreker kan naar een drinkgewoonte vragen. Een begrijpelijk woord of een vaste korte zin is genoeg; het model is niet het enige goede antwoord.,Optioneel: wissel van rol. Stel dezelfde vraag en luister naar het nieuwe antwoord.
mx-0-dagelijks-02-triangle,route-0,triangle,dagelijks,Een drankje kiezen,Kies iets te drinken: water of sap.,Beide staan op tafel.,Ik neem …,Ik neem sap.,"Een drankje kiezen met een woord, vaste uitdrukking of korte zin.",Luister naar de keuze. Herhaal alleen wat de spreker kiest. Beide aangeboden opties zijn toegestaan.,De spreker kan een drankje kiezen. Een begrijpelijk woord of een vaste korte zin is genoeg; het model is niet het enige goede antwoord.,Optioneel: kies de andere mogelijkheid. De partner herhaalt je nieuwe keuze.
mx-0-dagelijks-02-diamond,route-0,diamond,dagelijks,Iets te drinken aanbieden,Bied de ander water aan.,Je pakt zelf water.,Wil je ook …?,Wil je ook water?,"Iets te drinken aanbieden met een woord, vaste uitdrukking of korte zin.","Speel de aangesproken persoon. Reageer kort op wat de spreker zegt of vraagt. Je mag helpen, bedanken of beleefd nee zeggen.",De spreker kan iets te drinken aanbieden. Een begrijpelijk woord of een vaste korte zin is genoeg; het model is niet het enige goede antwoord.,"Optioneel: de partner zegt het antwoord nog eens. Reageer met dank je, oké of een begroeting die past."
mx-0-dagelijks-03-circle,route-0,circle,dagelijks,Een werkplek noemen,Vertel waar je werkt.,Je mag een werkplek verzinnen.,Ik werk …,Ik werk thuis.,"Een werkplek noemen met een woord, vaste uitdrukking of korte zin.",Luister naar de mededeling. Herhaal het genoemde gegeven om te laten merken dat je het begrijpt.,De spreker kan een werkplek noemen. Een begrijpelijk woord of een vaste korte zin is genoeg; het model is niet het enige goede antwoord.,Optioneel: wissel van rol. Noem zelf een ander passend gegeven.
mx-0-dagelijks-03-square,route-0,square,dagelijks,Naar een begintijd vragen,Vraag hoe laat de ander begint met werken.,De ander mag een tijd verzinnen.,Hoe laat begin …?,Hoe laat begin je?,"Naar een begintijd vragen met een woord, vaste uitdrukking of korte zin.","Wacht op de vraag. Geef één kort, passend antwoord. Gebruik de oefenfeiten; ontbrekende informatie mag je verzinnen.",De spreker kan naar een begintijd vragen. Een begrijpelijk woord of een vaste korte zin is genoeg; het model is niet het enige goede antwoord.,Optioneel: wissel van rol. Stel dezelfde vraag en luister naar het nieuwe antwoord.
mx-0-dagelijks-03-triangle,route-0,triangle,dagelijks,Een werkplek kiezen,Kies een werkplek: thuis of op kantoor.,Voor deze oefening mogen beide.,Ik kies …,Ik kies het kantoor.,"Een werkplek kiezen met een woord, vaste uitdrukking of korte zin.",Luister naar de keuze. Herhaal alleen wat de spreker kiest. Beide aangeboden opties zijn toegestaan.,De spreker kan een werkplek kiezen. Een begrijpelijk woord of een vaste korte zin is genoeg; het model is niet het enige goede antwoord.,Optioneel: kies de andere mogelijkheid. De partner herhaalt je nieuwe keuze.
mx-0-dagelijks-03-diamond,route-0,diamond,dagelijks,Toestemming vragen om te beginnen,Vraag of je nu mag beginnen.,Je bent op je oefenwerkplek.,Mag ik …?,Mag ik beginnen?,"Toestemming vragen om te beginnen met een woord, vaste uitdrukking of korte zin.","Speel de aangesproken persoon. Reageer kort op wat de spreker zegt of vraagt. Je mag helpen, bedanken of beleefd nee zeggen.",De spreker kan toestemming vragen om te beginnen. Een begrijpelijk woord of een vaste korte zin is genoeg; het model is niet het enige goede antwoord.,"Optioneel: de partner zegt het antwoord nog eens. Reageer met dank je, oké of een begroeting die past."
mx-0-dagelijks-04-circle,route-0,circle,dagelijks,Een leertaak noemen,Vertel welke taal je leert.,Eén taal noemen is genoeg.,Ik leer …,Ik leer Nederlands.,"Een leertaak noemen met een woord, vaste uitdrukking of korte zin.",Luister naar de mededeling. Herhaal het genoemde gegeven om te laten merken dat je het begrijpt.,De spreker kan een leertaak noemen. Een begrijpelijk woord of een vaste korte zin is genoeg; het model is niet het enige goede antwoord.,Optioneel: wissel van rol. Noem zelf een ander passend gegeven.
mx-0-dagelijks-04-square,route-0,square,dagelijks,Naar een oefenplek vragen,Vraag waar de ander Nederlands oefent.,"Bijvoorbeeld: thuis, op school of op het werk.",Waar oefen je …?,Waar oefen je Nederlands?,"Naar een oefenplek vragen met een woord, vaste uitdrukking of korte zin.","Wacht op de vraag. Geef één kort, passend antwoord. Gebruik de oefenfeiten; ontbrekende informatie mag je verzinnen.",De spreker kan naar een oefenplek vragen. Een begrijpelijk woord of een vaste korte zin is genoeg; het model is niet het enige goede antwoord.,Optioneel: wissel van rol. Stel dezelfde vraag en luister naar het nieuwe antwoord.
mx-0-dagelijks-04-triangle,route-0,triangle,dagelijks,Een oefenactiviteit kiezen,Kies een oefening: lezen of luisteren.,Beide oefeningen zijn klaar.,Ik kies …,Ik kies luisteren.,"Een oefenactiviteit kiezen met een woord, vaste uitdrukking of korte zin.",Luister naar de keuze. Herhaal alleen wat de spreker kiest. Beide aangeboden opties zijn toegestaan.,De spreker kan een oefenactiviteit kiezen. Een begrijpelijk woord of een vaste korte zin is genoeg; het model is niet het enige goede antwoord.,Optioneel: kies de andere mogelijkheid. De partner herhaalt je nieuwe keuze.
mx-0-dagelijks-04-diamond,route-0,diamond,dagelijks,Samen oefenen voorstellen,Vraag een cursist samen te oefenen.,Jullie hebben vijf minuten.,… we samen?,Oefenen we samen?,"Samen oefenen voorstellen met een woord, vaste uitdrukking of korte zin.","Speel de aangesproken persoon. Reageer kort op wat de spreker zegt of vraagt. Je mag helpen, bedanken of beleefd nee zeggen.",De spreker kan samen oefenen voorstellen. Een begrijpelijk woord of een vaste korte zin is genoeg; het model is niet het enige goede antwoord.,"Optioneel: de partner zegt het antwoord nog eens. Reageer met dank je, oké of een begroeting die past."
mx-0-dagelijks-05-circle,route-0,circle,dagelijks,Leesmateriaal noemen,Vertel wat je leest.,"Bijvoorbeeld: een boek, krant of bericht.",Ik lees …,Ik lees een bericht.,"Leesmateriaal noemen met een woord, vaste uitdrukking of korte zin.",Luister naar de mededeling. Herhaal het genoemde gegeven om te laten merken dat je het begrijpt.,De spreker kan leesmateriaal noemen. Een begrijpelijk woord of een vaste korte zin is genoeg; het model is niet het enige goede antwoord.,Optioneel: wissel van rol. Noem zelf een ander passend gegeven.
mx-0-dagelijks-05-square,route-0,square,dagelijks,Naar een leesvoorkeur vragen,Vraag of de ander graag leest.,Je praat in de pauze.,… je graag?,Lees je graag?,"Naar een leesvoorkeur vragen met een woord, vaste uitdrukking of korte zin.","Wacht op de vraag. Geef één kort, passend antwoord. Gebruik de oefenfeiten; ontbrekende informatie mag je verzinnen.",De spreker kan naar een leesvoorkeur vragen. Een begrijpelijk woord of een vaste korte zin is genoeg; het model is niet het enige goede antwoord.,Optioneel: wissel van rol. Stel dezelfde vraag en luister naar het nieuwe antwoord.
mx-0-dagelijks-05-triangle,route-0,triangle,dagelijks,Leesmateriaal kiezen,Kies om te lezen: een krant of een boek.,Beide liggen voor je.,Ik neem de …,Ik neem de krant.,"Leesmateriaal kiezen met een woord, vaste uitdrukking of korte zin.",Luister naar de keuze. Herhaal alleen wat de spreker kiest. Beide aangeboden opties zijn toegestaan.,De spreker kan leesmateriaal kiezen. Een begrijpelijk woord of een vaste korte zin is genoeg; het model is niet het enige goede antwoord.,Optioneel: kies de andere mogelijkheid. De partner herhaalt je nieuwe keuze.
mx-0-dagelijks-05-diamond,route-0,diamond,dagelijks,Om woorduitleg vragen,Vraag hulp bij het lezen van een woord.,Wijs een woord aan dat je lastig vindt.,Wat betekent …?,Wat betekent dit woord?,"Om woorduitleg vragen met een woord, vaste uitdrukking of korte zin.","Speel de aangesproken persoon. Reageer kort op wat de spreker zegt of vraagt. Je mag helpen, bedanken of beleefd nee zeggen.",De spreker kan om woorduitleg vragen. Een begrijpelijk woord of een vaste korte zin is genoeg; het model is niet het enige goede antwoord.,"Optioneel: de partner zegt het antwoord nog eens. Reageer met dank je, oké of een begroeting die past."
mx-0-dagelijks-06-circle,route-0,circle,dagelijks,Een gerecht noemen,Vertel wat je kookt.,Je mag een gerecht verzinnen.,Ik kook …,Ik kook pasta.,"Een gerecht noemen met een woord, vaste uitdrukking of korte zin.",Luister naar de mededeling. Herhaal het genoemde gegeven om te laten merken dat je het begrijpt.,De spreker kan een gerecht noemen. Een begrijpelijk woord of een vaste korte zin is genoeg; het model is niet het enige goede antwoord.,Optioneel: wissel van rol. Noem zelf een ander passend gegeven.
mx-0-dagelijks-06-square,route-0,square,dagelijks,Naar de kok vragen,Vraag wie vandaag kookt.,Jullie spelen huisgenoten.,Wie … vandaag?,Wie kookt vandaag?,"Naar de kok vragen met een woord, vaste uitdrukking of korte zin.","Wacht op de vraag. Geef één kort, passend antwoord. Gebruik de oefenfeiten; ontbrekende informatie mag je verzinnen.",De spreker kan naar de kok vragen. Een begrijpelijk woord of een vaste korte zin is genoeg; het model is niet het enige goede antwoord.,Optioneel: wissel van rol. Stel dezelfde vraag en luister naar het nieuwe antwoord.
mx-0-dagelijks-06-triangle,route-0,triangle,dagelijks,Een gerecht kiezen,Kies een gerecht: rijst of pasta.,Alles is in huis.,Ik maak …,Ik maak rijst.,"Een gerecht kiezen met een woord, vaste uitdrukking of korte zin.",Luister naar de keuze. Herhaal alleen wat de spreker kiest. Beide aangeboden opties zijn toegestaan.,De spreker kan een gerecht kiezen. Een begrijpelijk woord of een vaste korte zin is genoeg; het model is niet het enige goede antwoord.,Optioneel: kies de andere mogelijkheid. De partner herhaalt je nieuwe keuze.
mx-0-dagelijks-06-diamond,route-0,diamond,dagelijks,Hulp bij koken vragen,Vraag de ander mee te helpen met koken.,Jullie maken samen eten.,Help je met …?,Help je met koken?,"Hulp bij koken vragen met een woord, vaste uitdrukking of korte zin.","Speel de aangesproken persoon. Reageer kort op wat de spreker zegt of vraagt. Je mag helpen, bedanken of beleefd nee zeggen.",De spreker kan hulp bij koken vragen. Een begrijpelijk woord of een vaste korte zin is genoeg; het model is niet het enige goede antwoord.,"Optioneel: de partner zegt het antwoord nog eens. Reageer met dank je, oké of een begroeting die past."
mx-0-dagelijks-07-circle,route-0,circle,dagelijks,Een wandelplek noemen,Vertel waar je wandelt.,Noem één plek.,Ik wandel …,Ik wandel in het park.,"Een wandelplek noemen met een woord, vaste uitdrukking of korte zin.",Luister naar de mededeling. Herhaal het genoemde gegeven om te laten merken dat je het begrijpt.,De spreker kan een wandelplek noemen. Een begrijpelijk woord of een vaste korte zin is genoeg; het model is niet het enige goede antwoord.,Optioneel: wissel van rol. Noem zelf een ander passend gegeven.
mx-0-dagelijks-07-square,route-0,square,dagelijks,Naar een vrijetijdsvoorkeur vragen,Vraag of de ander graag wandelt.,Je praat met een buur.,… je graag?,Wandel je graag?,"Naar een vrijetijdsvoorkeur vragen met een woord, vaste uitdrukking of korte zin.","Wacht op de vraag. Geef één kort, passend antwoord. Gebruik de oefenfeiten; ontbrekende informatie mag je verzinnen.",De spreker kan naar een vrijetijdsvoorkeur vragen. Een begrijpelijk woord of een vaste korte zin is genoeg; het model is niet het enige goede antwoord.,Optioneel: wissel van rol. Stel dezelfde vraag en luister naar het nieuwe antwoord.
mx-0-dagelijks-07-triangle,route-0,triangle,dagelijks,Een wandelroute kiezen,Kies een wandeling: langs het water of door het park.,Beide routes zijn kort.,Ik loop …,Ik loop langs het water.,"Een wandelroute kiezen met een woord, vaste uitdrukking of korte zin.",Luister naar de keuze. Herhaal alleen wat de spreker kiest. Beide aangeboden opties zijn toegestaan.,De spreker kan een wandelroute kiezen. Een begrijpelijk woord of een vaste korte zin is genoeg; het model is niet het enige goede antwoord.,Optioneel: kies de andere mogelijkheid. De partner herhaalt je nieuwe keuze.
mx-0-dagelijks-07-diamond,route-0,diamond,dagelijks,Iemand laten wachten,Vraag de ander even te wachten.,Je wandelt samen en je moet je schoen vastmaken.,… je even?,Wacht je even?,"Iemand laten wachten met een woord, vaste uitdrukking of korte zin.","Speel de aangesproken persoon. Reageer kort op wat de spreker zegt of vraagt. Je mag helpen, bedanken of beleefd nee zeggen.",De spreker kan iemand laten wachten. Een begrijpelijk woord of een vaste korte zin is genoeg; het model is niet het enige goede antwoord.,"Optioneel: de partner zegt het antwoord nog eens. Reageer met dank je, oké of een begroeting die past."
mx-0-dagelijks-08-circle,route-0,circle,dagelijks,Een fietsbestemming noemen,Vertel waar je naartoe fietst.,Je mag een bestemming verzinnen.,Ik fiets naar …,Ik fiets naar school.,"Een fietsbestemming noemen met een woord, vaste uitdrukking of korte zin.",Luister naar de mededeling. Herhaal het genoemde gegeven om te laten merken dat je het begrijpt.,De spreker kan een fietsbestemming noemen. Een begrijpelijk woord of een vaste korte zin is genoeg; het model is niet het enige goede antwoord.,Optioneel: wissel van rol. Noem zelf een ander passend gegeven.
mx-0-dagelijks-08-square,route-0,square,dagelijks,Naar beschikbaar vervoer vragen,Vraag of de ander een fiets heeft.,Je praat over vervoer.,Heb je een …?,Heb je een fiets?,"Naar beschikbaar vervoer vragen met een woord, vaste uitdrukking of korte zin.","Wacht op de vraag. Geef één kort, passend antwoord. Gebruik de oefenfeiten; ontbrekende informatie mag je verzinnen.",De spreker kan naar beschikbaar vervoer vragen. Een begrijpelijk woord of een vaste korte zin is genoeg; het model is niet het enige goede antwoord.,Optioneel: wissel van rol. Stel dezelfde vraag en luister naar het nieuwe antwoord.
mx-0-dagelijks-08-triangle,route-0,triangle,dagelijks,Een vervoerswijze kiezen,Kies hoe je gaat: lopen of fietsen.,Het is dichtbij. Beide kunnen.,Ik ga …,Ik ga fietsen.,"Een vervoerswijze kiezen met een woord, vaste uitdrukking of korte zin.",Luister naar de keuze. Herhaal alleen wat de spreker kiest. Beide aangeboden opties zijn toegestaan.,De spreker kan een vervoerswijze kiezen. Een begrijpelijk woord of een vaste korte zin is genoeg; het model is niet het enige goede antwoord.,Optioneel: kies de andere mogelijkheid. De partner herhaalt je nieuwe keuze.
mx-0-dagelijks-08-diamond,route-0,diamond,dagelijks,Toestemming vragen om te parkeren,Vraag of je de fiets hier mag zetten.,Je staat bij een gebouw.,Mag mijn fiets hier …?,Mag mijn fiets hier staan?,"Toestemming vragen om te parkeren met een woord, vaste uitdrukking of korte zin.","Speel de aangesproken persoon. Reageer kort op wat de spreker zegt of vraagt. Je mag helpen, bedanken of beleefd nee zeggen.",De spreker kan toestemming vragen om te parkeren. Een begrijpelijk woord of een vaste korte zin is genoeg; het model is niet het enige goede antwoord.,"Optioneel: de partner zegt het antwoord nog eens. Reageer met dank je, oké of een begroeting die past."
mx-0-dagelijks-09-circle,route-0,circle,dagelijks,Een bedtijd noemen,Vertel hoe laat je naar bed gaat.,Je mag een tijd verzinnen.,Ik ga om … naar bed.,Ik ga om elf uur naar bed.,"Een bedtijd noemen met een woord, vaste uitdrukking of korte zin.",Luister naar de mededeling. Herhaal het genoemde gegeven om te laten merken dat je het begrijpt.,De spreker kan een bedtijd noemen. Een begrijpelijk woord of een vaste korte zin is genoeg; het model is niet het enige goede antwoord.,Optioneel: wissel van rol. Noem zelf een ander passend gegeven.
mx-0-dagelijks-09-square,route-0,square,dagelijks,Naar vermoeidheid vragen,Vraag of de ander moe is.,Jullie praten na een lange dag.,Ben je …?,Ben je moe?,"Naar vermoeidheid vragen met een woord, vaste uitdrukking of korte zin.","Wacht op de vraag. Geef één kort, passend antwoord. Gebruik de oefenfeiten; ontbrekende informatie mag je verzinnen.",De spreker kan naar vermoeidheid vragen. Een begrijpelijk woord of een vaste korte zin is genoeg; het model is niet het enige goede antwoord.,Optioneel: wissel van rol. Stel dezelfde vraag en luister naar het nieuwe antwoord.
mx-0-dagelijks-09-triangle,route-0,triangle,dagelijks,Een avondactiviteit kiezen,Kies voor vanavond: lezen of slapen.,Beide keuzes zijn goed.,Ik ga …,Ik ga slapen.,"Een avondactiviteit kiezen met een woord, vaste uitdrukking of korte zin.",Luister naar de keuze. Herhaal alleen wat de spreker kiest. Beide aangeboden opties zijn toegestaan.,De spreker kan een avondactiviteit kiezen. Een begrijpelijk woord of een vaste korte zin is genoeg; het model is niet het enige goede antwoord.,Optioneel: kies de andere mogelijkheid. De partner herhaalt je nieuwe keuze.
mx-0-dagelijks-09-diamond,route-0,diamond,dagelijks,Om minder geluid vragen,Vraag of de muziek zachter kan.,Je wilt slapen. De muziek staat hard.,Kan de muziek …?,Kan de muziek zachter?,"Om minder geluid vragen met een woord, vaste uitdrukking of korte zin.","Speel de aangesproken persoon. Reageer kort op wat de spreker zegt of vraagt. Je mag helpen, bedanken of beleefd nee zeggen.",De spreker kan om minder geluid vragen. Een begrijpelijk woord of een vaste korte zin is genoeg; het model is niet het enige goede antwoord.,"Optioneel: de partner zegt het antwoord nog eens. Reageer met dank je, oké of een begroeting die past."
mx-0-dagelijks-10-circle,route-0,circle,dagelijks,Een woningtype noemen,Vertel of je in een huis of flat woont.,Je mag een woning verzinnen.,Ik woon in een …,Ik woon in een flat.,"Een woningtype noemen met een woord, vaste uitdrukking of korte zin.",Luister naar de mededeling. Herhaal het genoemde gegeven om te laten merken dat je het begrijpt.,De spreker kan een woningtype noemen. Een begrijpelijk woord of een vaste korte zin is genoeg; het model is niet het enige goede antwoord.,Optioneel: wissel van rol. Noem zelf een ander passend gegeven.
mx-0-dagelijks-10-square,route-0,square,dagelijks,Naar een tuin vragen,Vraag of de ander een tuin heeft.,Je praat over wonen.,Heb je een …?,Heb je een tuin?,"Naar een tuin vragen met een woord, vaste uitdrukking of korte zin.","Wacht op de vraag. Geef één kort, passend antwoord. Gebruik de oefenfeiten; ontbrekende informatie mag je verzinnen.",De spreker kan naar een tuin vragen. Een begrijpelijk woord of een vaste korte zin is genoeg; het model is niet het enige goede antwoord.,Optioneel: wissel van rol. Stel dezelfde vraag en luister naar het nieuwe antwoord.
mx-0-dagelijks-10-triangle,route-0,triangle,dagelijks,Een plek om te zitten kiezen,Kies waar je zit: in huis of in de tuin.,Het is droog. Beide plekken kunnen.,Ik zit in …,Ik zit in de tuin.,"Een plek om te zitten kiezen met een woord, vaste uitdrukking of korte zin.",Luister naar de keuze. Herhaal alleen wat de spreker kiest. Beide aangeboden opties zijn toegestaan.,De spreker kan een plek om te zitten kiezen. Een begrijpelijk woord of een vaste korte zin is genoeg; het model is niet het enige goede antwoord.,Optioneel: kies de andere mogelijkheid. De partner herhaalt je nieuwe keuze.
mx-0-dagelijks-10-diamond,route-0,diamond,dagelijks,Een defect melden,Meld dat de kraan kapot is.,Je speelt een huurder. De kraan werkt niet.,De … is kapot.,De kraan is kapot.,"Een defect melden met een woord, vaste uitdrukking of korte zin.","Speel de aangesproken persoon. Reageer kort op wat de spreker zegt of vraagt. Je mag helpen, bedanken of beleefd nee zeggen.",De spreker kan een defect melden. Een begrijpelijk woord of een vaste korte zin is genoeg; het model is niet het enige goede antwoord.,"Optioneel: de partner zegt het antwoord nog eens. Reageer met dank je, oké of een begroeting die past."
mx-0-winkelen-01-circle,route-0,circle,winkelen,Een broodsoort noemen,Vertel welk brood je koopt.,Je kiest zelf een soort brood.,Ik koop … brood.,Ik koop bruin brood.,"Een broodsoort noemen met een woord, vaste uitdrukking of korte zin.",Luister naar de mededeling. Herhaal het genoemde gegeven om te laten merken dat je het begrijpt.,De spreker kan een broodsoort noemen. Een begrijpelijk woord of een vaste korte zin is genoeg; het model is niet het enige goede antwoord.,Optioneel: wissel van rol. Noem zelf een ander passend gegeven.
mx-0-winkelen-01-square,route-0,square,winkelen,Naar een broodprijs vragen,Vraag wat het brood kost.,Er staat geen prijs bij.,Wat kost dit …?,Wat kost dit brood?,"Naar een broodprijs vragen met een woord, vaste uitdrukking of korte zin.","Wacht op de vraag. Geef één kort, passend antwoord. Gebruik de oefenfeiten; ontbrekende informatie mag je verzinnen.",De spreker kan naar een broodprijs vragen. Een begrijpelijk woord of een vaste korte zin is genoeg; het model is niet het enige goede antwoord.,Optioneel: wissel van rol. Stel dezelfde vraag en luister naar het nieuwe antwoord.
mx-0-winkelen-01-triangle,route-0,triangle,winkelen,Een broodsoort kiezen,Kies je brood: wit of bruin.,Beide broden zijn er.,Ik wil … brood.,Ik wil wit brood.,"Een broodsoort kiezen met een woord, vaste uitdrukking of korte zin.",Luister naar de keuze. Herhaal alleen wat de spreker kiest. Beide aangeboden opties zijn toegestaan.,De spreker kan een broodsoort kiezen. Een begrijpelijk woord of een vaste korte zin is genoeg; het model is niet het enige goede antwoord.,Optioneel: kies de andere mogelijkheid. De partner herhaalt je nieuwe keuze.
mx-0-winkelen-01-diamond,route-0,diamond,winkelen,Brood bestellen,Vraag de bakker om één brood.,Je bent aan de beurt.,"Eén …, alstublieft.","Eén brood, alstublieft.","Brood bestellen met een woord, vaste uitdrukking of korte zin.","Speel de aangesproken persoon. Reageer kort op wat de spreker zegt of vraagt. Je mag helpen, bedanken of beleefd nee zeggen.",De spreker kan brood bestellen. Een begrijpelijk woord of een vaste korte zin is genoeg; het model is niet het enige goede antwoord.,"Optioneel: de partner zegt het antwoord nog eens. Reageer met dank je, oké of een begroeting die past."
mx-0-winkelen-02-circle,route-0,circle,winkelen,Een hoeveelheid melk noemen,Vertel hoeveel melk je koopt.,Boodschappenlijst: twee pakken melk.,Ik koop … pakken melk.,Ik koop twee pakken melk.,"Een hoeveelheid melk noemen met een woord, vaste uitdrukking of korte zin.",Luister naar de mededeling. Herhaal het genoemde gegeven om te laten merken dat je het begrijpt.,De spreker kan een hoeveelheid melk noemen. Een begrijpelijk woord of een vaste korte zin is genoeg; het model is niet het enige goede antwoord.,Optioneel: wissel van rol. Noem zelf een ander passend gegeven.
mx-0-winkelen-02-square,route-0,square,winkelen,Naar een productlocatie vragen,Vraag waar de melk staat.,Je bent in de supermarkt.,Waar staat de …?,Waar staat de melk?,"Naar een productlocatie vragen met een woord, vaste uitdrukking of korte zin.","Wacht op de vraag. Geef één kort, passend antwoord. Gebruik de oefenfeiten; ontbrekende informatie mag je verzinnen.",De spreker kan naar een productlocatie vragen. Een begrijpelijk woord of een vaste korte zin is genoeg; het model is niet het enige goede antwoord.,Optioneel: wissel van rol. Stel dezelfde vraag en luister naar het nieuwe antwoord.
mx-0-winkelen-02-triangle,route-0,triangle,winkelen,Een verpakking kiezen,Kies een pak melk: groot of klein.,Beide pakken zijn er.,Ik wil het … pak.,Ik wil het kleine pak.,"Een verpakking kiezen met een woord, vaste uitdrukking of korte zin.",Luister naar de keuze. Herhaal alleen wat de spreker kiest. Beide aangeboden opties zijn toegestaan.,De spreker kan een verpakking kiezen. Een begrijpelijk woord of een vaste korte zin is genoeg; het model is niet het enige goede antwoord.,Optioneel: kies de andere mogelijkheid. De partner herhaalt je nieuwe keuze.
mx-0-winkelen-02-diamond,route-0,diamond,winkelen,Melk vragen,Vraag om een pak melk.,Je bent bij een winkelmedewerker.,"Een pak …, graag.","Een pak melk, graag.","Melk vragen met een woord, vaste uitdrukking of korte zin.","Speel de aangesproken persoon. Reageer kort op wat de spreker zegt of vraagt. Je mag helpen, bedanken of beleefd nee zeggen.",De spreker kan melk vragen. Een begrijpelijk woord of een vaste korte zin is genoeg; het model is niet het enige goede antwoord.,"Optioneel: de partner zegt het antwoord nog eens. Reageer met dank je, oké of een begroeting die past."
mx-0-winkelen-03-circle,route-0,circle,winkelen,Appels beschrijven,Vertel welke kleur de appels hebben.,Oefenfruit: de appels zijn groen.,De appels zijn …,De appels zijn groen.,"Appels beschrijven met een woord, vaste uitdrukking of korte zin.",Luister naar de mededeling. Herhaal het genoemde gegeven om te laten merken dat je het begrijpt.,De spreker kan appels beschrijven. Een begrijpelijk woord of een vaste korte zin is genoeg; het model is niet het enige goede antwoord.,Optioneel: wissel van rol. Noem zelf een ander passend gegeven.
mx-0-winkelen-03-square,route-0,square,winkelen,Naar een aantal appels vragen,Vraag hoeveel appels in de zak zitten.,De verkoper weet het aantal.,Hoeveel … zitten erin?,Hoeveel appels zitten erin?,"Naar een aantal appels vragen met een woord, vaste uitdrukking of korte zin.","Wacht op de vraag. Geef één kort, passend antwoord. Gebruik de oefenfeiten; ontbrekende informatie mag je verzinnen.",De spreker kan naar een aantal appels vragen. Een begrijpelijk woord of een vaste korte zin is genoeg; het model is niet het enige goede antwoord.,Optioneel: wissel van rol. Stel dezelfde vraag en luister naar het nieuwe antwoord.
mx-0-winkelen-03-triangle,route-0,triangle,winkelen,Fruit kiezen,Kies fruit: een appel of een peer.,Beide zijn beschikbaar.,Ik kies een …,Ik kies een peer.,"Fruit kiezen met een woord, vaste uitdrukking of korte zin.",Luister naar de keuze. Herhaal alleen wat de spreker kiest. Beide aangeboden opties zijn toegestaan.,De spreker kan fruit kiezen. Een begrijpelijk woord of een vaste korte zin is genoeg; het model is niet het enige goede antwoord.,Optioneel: kies de andere mogelijkheid. De partner herhaalt je nieuwe keuze.
mx-0-winkelen-03-diamond,route-0,diamond,winkelen,Een hoeveelheid fruit bestellen,Vraag de verkoper om drie appels.,Je staat bij de fruitkraam.,"… appels, alstublieft.","Drie appels, alstublieft.","Een hoeveelheid fruit bestellen met een woord, vaste uitdrukking of korte zin.","Speel de aangesproken persoon. Reageer kort op wat de spreker zegt of vraagt. Je mag helpen, bedanken of beleefd nee zeggen.",De spreker kan een hoeveelheid fruit bestellen. Een begrijpelijk woord of een vaste korte zin is genoeg; het model is niet het enige goede antwoord.,"Optioneel: de partner zegt het antwoord nog eens. Reageer met dank je, oké of een begroeting die past."
mx-0-winkelen-04-circle,route-0,circle,winkelen,Een benodigde hoeveelheid noemen,Vertel hoeveel bananen je nodig hebt.,Boodschappenlijst: vier bananen.,Ik heb … bananen nodig.,Ik heb vier bananen nodig.,"Een benodigde hoeveelheid noemen met een woord, vaste uitdrukking of korte zin.",Luister naar de mededeling. Herhaal het genoemde gegeven om te laten merken dat je het begrijpt.,De spreker kan een benodigde hoeveelheid noemen. Een begrijpelijk woord of een vaste korte zin is genoeg; het model is niet het enige goede antwoord.,Optioneel: wissel van rol. Noem zelf een ander passend gegeven.
mx-0-winkelen-04-square,route-0,square,winkelen,Naar productbeschikbaarheid vragen,Vraag of er bananen zijn.,Je ziet geen bananen liggen.,Heeft u …?,Heeft u bananen?,"Naar productbeschikbaarheid vragen met een woord, vaste uitdrukking of korte zin.","Wacht op de vraag. Geef één kort, passend antwoord. Gebruik de oefenfeiten; ontbrekende informatie mag je verzinnen.",De spreker kan naar productbeschikbaarheid vragen. Een begrijpelijk woord of een vaste korte zin is genoeg; het model is niet het enige goede antwoord.,Optioneel: wissel van rol. Stel dezelfde vraag en luister naar het nieuwe antwoord.
mx-0-winkelen-04-triangle,route-0,triangle,winkelen,Een verkoopvorm kiezen,Kies bananen: los of in een zak.,Beide opties liggen op de kraam.,Ik neem de … bananen.,Ik neem de losse bananen.,"Een verkoopvorm kiezen met een woord, vaste uitdrukking of korte zin.",Luister naar de keuze. Herhaal alleen wat de spreker kiest. Beide aangeboden opties zijn toegestaan.,De spreker kan een verkoopvorm kiezen. Een begrijpelijk woord of een vaste korte zin is genoeg; het model is niet het enige goede antwoord.,Optioneel: kies de andere mogelijkheid. De partner herhaalt je nieuwe keuze.
mx-0-winkelen-04-diamond,route-0,diamond,winkelen,Om verpakking vragen,Vraag om een zak voor de bananen.,Je hebt zelf geen tas.,Mag ik een zak voor …?,Mag ik een zak voor de bananen?,"Om verpakking vragen met een woord, vaste uitdrukking of korte zin.","Speel de aangesproken persoon. Reageer kort op wat de spreker zegt of vraagt. Je mag helpen, bedanken of beleefd nee zeggen.",De spreker kan om verpakking vragen. Een begrijpelijk woord of een vaste korte zin is genoeg; het model is niet het enige goede antwoord.,"Optioneel: de partner zegt het antwoord nog eens. Reageer met dank je, oké of een begroeting die past."
mx-0-winkelen-05-circle,route-0,circle,winkelen,Een prijs doorgeven,Vertel wat de tomaten kosten.,"Op het bordje staat: tomaten, 3 euro per kilo.",Een kilo tomaten kost …,Een kilo tomaten kost drie euro.,"Een prijs doorgeven met een woord, vaste uitdrukking of korte zin.",Luister naar de mededeling. Herhaal het genoemde gegeven om te laten merken dat je het begrijpt.,De spreker kan een prijs doorgeven. Een begrijpelijk woord of een vaste korte zin is genoeg; het model is niet het enige goede antwoord.,Optioneel: wissel van rol. Noem zelf een ander passend gegeven.
mx-0-winkelen-05-square,route-0,square,winkelen,Naar een producteigenschap vragen,Vraag of de tomaten rijp zijn.,Je wilt vandaag tomaten eten.,Zijn deze tomaten …?,Zijn deze tomaten rijp?,"Naar een producteigenschap vragen met een woord, vaste uitdrukking of korte zin.","Wacht op de vraag. Geef één kort, passend antwoord. Gebruik de oefenfeiten; ontbrekende informatie mag je verzinnen.",De spreker kan naar een producteigenschap vragen. Een begrijpelijk woord of een vaste korte zin is genoeg; het model is niet het enige goede antwoord.,Optioneel: wissel van rol. Stel dezelfde vraag en luister naar het nieuwe antwoord.
mx-0-winkelen-05-triangle,route-0,triangle,winkelen,Een soort tomaten kiezen,Kies tomaten: groot of klein.,Je mag zelf kiezen.,Ik neem de … tomaten.,Ik neem de kleine tomaten.,"Een soort tomaten kiezen met een woord, vaste uitdrukking of korte zin.",Luister naar de keuze. Herhaal alleen wat de spreker kiest. Beide aangeboden opties zijn toegestaan.,De spreker kan een soort tomaten kiezen. Een begrijpelijk woord of een vaste korte zin is genoeg; het model is niet het enige goede antwoord.,Optioneel: kies de andere mogelijkheid. De partner herhaalt je nieuwe keuze.
mx-0-winkelen-05-diamond,route-0,diamond,winkelen,Groente bestellen,Vraag om een kilo tomaten.,Je bent bij de groentekraam.,"Een kilo …, graag.","Een kilo tomaten, graag.","Groente bestellen met een woord, vaste uitdrukking of korte zin.","Speel de aangesproken persoon. Reageer kort op wat de spreker zegt of vraagt. Je mag helpen, bedanken of beleefd nee zeggen.",De spreker kan groente bestellen. Een begrijpelijk woord of een vaste korte zin is genoeg; het model is niet het enige goede antwoord.,"Optioneel: de partner zegt het antwoord nog eens. Reageer met dank je, oké of een begroeting die past."
mx-0-winkelen-06-circle,route-0,circle,winkelen,Een kaassoort noemen,Vertel welke kaas je wilt.,Je kiest zelf: jong of oud.,Ik wil … kaas.,Ik wil jonge kaas.,"Een kaassoort noemen met een woord, vaste uitdrukking of korte zin.",Luister naar de mededeling. Herhaal het genoemde gegeven om te laten merken dat je het begrijpt.,De spreker kan een kaassoort noemen. Een begrijpelijk woord of een vaste korte zin is genoeg; het model is niet het enige goede antwoord.,Optioneel: wissel van rol. Noem zelf een ander passend gegeven.
mx-0-winkelen-06-square,route-0,square,winkelen,Naar smaak vragen,Vraag of de kaas mild is.,Je staat bij de kaasverkoper.,Is deze kaas …?,Is deze kaas mild?,"Naar smaak vragen met een woord, vaste uitdrukking of korte zin.","Wacht op de vraag. Geef één kort, passend antwoord. Gebruik de oefenfeiten; ontbrekende informatie mag je verzinnen.",De spreker kan naar smaak vragen. Een begrijpelijk woord of een vaste korte zin is genoeg; het model is niet het enige goede antwoord.,Optioneel: wissel van rol. Stel dezelfde vraag en luister naar het nieuwe antwoord.
mx-0-winkelen-06-triangle,route-0,triangle,winkelen,Een productvorm kiezen,Kies kaas: een stuk of plakjes.,Beide zijn mogelijk.,Ik kies … kaas.,Ik kies plakjes kaas.,"Een productvorm kiezen met een woord, vaste uitdrukking of korte zin.",Luister naar de keuze. Herhaal alleen wat de spreker kiest. Beide aangeboden opties zijn toegestaan.,De spreker kan een productvorm kiezen. Een begrijpelijk woord of een vaste korte zin is genoeg; het model is niet het enige goede antwoord.,Optioneel: kies de andere mogelijkheid. De partner herhaalt je nieuwe keuze.
mx-0-winkelen-06-diamond,route-0,diamond,winkelen,Toestemming vragen om te proeven,Vraag of je de kaas mag proeven.,De verkoper biedt proefstukjes aan.,Mag ik deze kaas …?,Mag ik deze kaas proeven?,"Toestemming vragen om te proeven met een woord, vaste uitdrukking of korte zin.","Speel de aangesproken persoon. Reageer kort op wat de spreker zegt of vraagt. Je mag helpen, bedanken of beleefd nee zeggen.",De spreker kan toestemming vragen om te proeven. Een begrijpelijk woord of een vaste korte zin is genoeg; het model is niet het enige goede antwoord.,"Optioneel: de partner zegt het antwoord nog eens. Reageer met dank je, oké of een begroeting die past."
mx-0-winkelen-07-circle,route-0,circle,winkelen,Een productplek beschrijven,Vertel waar de rijst staat.,Oefenwinkel: de rijst staat naast de pasta.,De rijst staat naast …,De rijst staat naast de pasta.,"Een productplek beschrijven met een woord, vaste uitdrukking of korte zin.",Luister naar de mededeling. Herhaal het genoemde gegeven om te laten merken dat je het begrijpt.,De spreker kan een productplek beschrijven. Een begrijpelijk woord of een vaste korte zin is genoeg; het model is niet het enige goede antwoord.,Optioneel: wissel van rol. Noem zelf een ander passend gegeven.
mx-0-winkelen-07-square,route-0,square,winkelen,Naar een verpakkingsprijs vragen,Vraag wat het pak rijst kost.,Het prijskaartje ontbreekt.,Wat kost dit pak …?,Wat kost dit pak rijst?,"Naar een verpakkingsprijs vragen met een woord, vaste uitdrukking of korte zin.","Wacht op de vraag. Geef één kort, passend antwoord. Gebruik de oefenfeiten; ontbrekende informatie mag je verzinnen.",De spreker kan naar een verpakkingsprijs vragen. Een begrijpelijk woord of een vaste korte zin is genoeg; het model is niet het enige goede antwoord.,Optioneel: wissel van rol. Stel dezelfde vraag en luister naar het nieuwe antwoord.
mx-0-winkelen-07-triangle,route-0,triangle,winkelen,Een hoeveelheid rijst kiezen,Kies rijst: een groot of klein pak.,Beide pakken staan in het schap.,Ik neem het … pak rijst.,Ik neem het grote pak rijst.,"Een hoeveelheid rijst kiezen met een woord, vaste uitdrukking of korte zin.",Luister naar de keuze. Herhaal alleen wat de spreker kiest. Beide aangeboden opties zijn toegestaan.,De spreker kan een hoeveelheid rijst kiezen. Een begrijpelijk woord of een vaste korte zin is genoeg; het model is niet het enige goede antwoord.,Optioneel: kies de andere mogelijkheid. De partner herhaalt je nieuwe keuze.
mx-0-winkelen-07-diamond,route-0,diamond,winkelen,Hulp bij pakken vragen,Vraag de medewerker om het pak rijst.,Het pak staat te hoog.,Kunt u dat pak … pakken?,Kunt u dat pak rijst pakken?,"Hulp bij pakken vragen met een woord, vaste uitdrukking of korte zin.","Speel de aangesproken persoon. Reageer kort op wat de spreker zegt of vraagt. Je mag helpen, bedanken of beleefd nee zeggen.",De spreker kan hulp bij pakken vragen. Een begrijpelijk woord of een vaste korte zin is genoeg; het model is niet het enige goede antwoord.,"Optioneel: de partner zegt het antwoord nog eens. Reageer met dank je, oké of een begroeting die past."
mx-0-winkelen-08-circle,route-0,circle,winkelen,Een aantal eieren noemen,Vertel hoeveel eieren in de doos zitten.,Op de doos staat: zes eieren.,Er zitten … eieren in.,Er zitten zes eieren in.,"Een aantal eieren noemen met een woord, vaste uitdrukking of korte zin.",Luister naar de mededeling. Herhaal het genoemde gegeven om te laten merken dat je het begrijpt.,De spreker kan een aantal eieren noemen. Een begrijpelijk woord of een vaste korte zin is genoeg; het model is niet het enige goede antwoord.,Optioneel: wissel van rol. Noem zelf een ander passend gegeven.
mx-0-winkelen-08-square,route-0,square,winkelen,Naar een product vragen,Vraag waar de eieren liggen.,Je bent in een onbekende winkel.,Waar liggen de …?,Waar liggen de eieren?,"Naar een product vragen met een woord, vaste uitdrukking of korte zin.","Wacht op de vraag. Geef één kort, passend antwoord. Gebruik de oefenfeiten; ontbrekende informatie mag je verzinnen.",De spreker kan naar een product vragen. Een begrijpelijk woord of een vaste korte zin is genoeg; het model is niet het enige goede antwoord.,Optioneel: wissel van rol. Stel dezelfde vraag en luister naar het nieuwe antwoord.
mx-0-winkelen-08-triangle,route-0,triangle,winkelen,Een aantal kiezen,Kies een doos: zes of tien eieren.,Beide dozen zijn er.,Ik neem … eieren.,Ik neem tien eieren.,"Een aantal kiezen met een woord, vaste uitdrukking of korte zin.",Luister naar de keuze. Herhaal alleen wat de spreker kiest. Beide aangeboden opties zijn toegestaan.,De spreker kan een aantal kiezen. Een begrijpelijk woord of een vaste korte zin is genoeg; het model is niet het enige goede antwoord.,Optioneel: kies de andere mogelijkheid. De partner herhaalt je nieuwe keuze.
mx-0-winkelen-08-diamond,route-0,diamond,winkelen,Een beschadiging melden,Meld dat een ei kapot is.,Je ziet een kapot ei in de doos.,Dit … is kapot.,Dit ei is kapot.,"Een beschadiging melden met een woord, vaste uitdrukking of korte zin.","Speel de aangesproken persoon. Reageer kort op wat de spreker zegt of vraagt. Je mag helpen, bedanken of beleefd nee zeggen.",De spreker kan een beschadiging melden. Een begrijpelijk woord of een vaste korte zin is genoeg; het model is niet het enige goede antwoord.,"Optioneel: de partner zegt het antwoord nog eens. Reageer met dank je, oké of een begroeting die past."
mx-0-winkelen-09-circle,route-0,circle,winkelen,Een bedrag noemen,Vertel wat je voor de koffie betaalt.,De koffie kost vijf euro.,Ik betaal … euro.,Ik betaal vijf euro.,"Een bedrag noemen met een woord, vaste uitdrukking of korte zin.",Luister naar de mededeling. Herhaal het genoemde gegeven om te laten merken dat je het begrijpt.,De spreker kan een bedrag noemen. Een begrijpelijk woord of een vaste korte zin is genoeg; het model is niet het enige goede antwoord.,Optioneel: wissel van rol. Noem zelf een ander passend gegeven.
mx-0-winkelen-09-square,route-0,square,winkelen,Naar een koffiesoort vragen,Vraag of er koffie zonder cafeïne is.,Je bent in de winkel.,Heeft u koffie zonder …?,Heeft u koffie zonder cafeïne?,"Naar een koffiesoort vragen met een woord, vaste uitdrukking of korte zin.","Wacht op de vraag. Geef één kort, passend antwoord. Gebruik de oefenfeiten; ontbrekende informatie mag je verzinnen.",De spreker kan naar een koffiesoort vragen. Een begrijpelijk woord of een vaste korte zin is genoeg; het model is niet het enige goede antwoord.,Optioneel: wissel van rol. Stel dezelfde vraag en luister naar het nieuwe antwoord.
mx-0-winkelen-09-triangle,route-0,triangle,winkelen,Een koffieverpakking kiezen,Kies koffie: een klein of groot pak.,Beide zijn op voorraad.,Ik kies het … pak koffie.,Ik kies het kleine pak koffie.,"Een koffieverpakking kiezen met een woord, vaste uitdrukking of korte zin.",Luister naar de keuze. Herhaal alleen wat de spreker kiest. Beide aangeboden opties zijn toegestaan.,De spreker kan een koffieverpakking kiezen. Een begrijpelijk woord of een vaste korte zin is genoeg; het model is niet het enige goede antwoord.,Optioneel: kies de andere mogelijkheid. De partner herhaalt je nieuwe keuze.
mx-0-winkelen-09-diamond,route-0,diamond,winkelen,Een betaalwijze aangeven,Zeg dat je met je pinpas wilt betalen.,Je staat bij de kassa met de koffie.,Ik wil …,Ik wil pinnen.,"Een betaalwijze aangeven met een woord, vaste uitdrukking of korte zin.","Speel de aangesproken persoon. Reageer kort op wat de spreker zegt of vraagt. Je mag helpen, bedanken of beleefd nee zeggen.",De spreker kan een betaalwijze aangeven. Een begrijpelijk woord of een vaste korte zin is genoeg; het model is niet het enige goede antwoord.,"Optioneel: de partner zegt het antwoord nog eens. Reageer met dank je, oké of een begroeting die past."
mx-0-winkelen-10-circle,route-0,circle,winkelen,Een theesoort noemen,Vertel welke thee je koopt.,Je kiest zelf een smaak.,Ik koop …,Ik koop muntthee.,"Een theesoort noemen met een woord, vaste uitdrukking of korte zin.",Luister naar de mededeling. Herhaal het genoemde gegeven om te laten merken dat je het begrijpt.,De spreker kan een theesoort noemen. Een begrijpelijk woord of een vaste korte zin is genoeg; het model is niet het enige goede antwoord.,Optioneel: wissel van rol. Noem zelf een ander passend gegeven.
mx-0-winkelen-10-square,route-0,square,winkelen,Naar de inhoud van een doos vragen,Vraag hoeveel zakjes in de doos thee zitten.,De medewerker kijkt op de doos.,Hoeveel … zitten in deze doos?,Hoeveel zakjes zitten in deze doos?,"Naar de inhoud van een doos vragen met een woord, vaste uitdrukking of korte zin.","Wacht op de vraag. Geef één kort, passend antwoord. Gebruik de oefenfeiten; ontbrekende informatie mag je verzinnen.",De spreker kan naar de inhoud van een doos vragen. Een begrijpelijk woord of een vaste korte zin is genoeg; het model is niet het enige goede antwoord.,Optioneel: wissel van rol. Stel dezelfde vraag en luister naar het nieuwe antwoord.
mx-0-winkelen-10-triangle,route-0,triangle,winkelen,Een theesmaak kiezen,Kies thee: munt of citroen.,Beide smaken zijn er.,Ik neem …,Ik neem citroenthee.,"Een theesmaak kiezen met een woord, vaste uitdrukking of korte zin.",Luister naar de keuze. Herhaal alleen wat de spreker kiest. Beide aangeboden opties zijn toegestaan.,De spreker kan een theesmaak kiezen. Een begrijpelijk woord of een vaste korte zin is genoeg; het model is niet het enige goede antwoord.,Optioneel: kies de andere mogelijkheid. De partner herhaalt je nieuwe keuze.
mx-0-winkelen-10-diamond,route-0,diamond,winkelen,Om een bon vragen,Vraag bij de kassa om de bon.,Je hebt de thee betaald.,Mag ik de …?,Mag ik de bon?,"Om een bon vragen met een woord, vaste uitdrukking of korte zin.","Speel de aangesproken persoon. Reageer kort op wat de spreker zegt of vraagt. Je mag helpen, bedanken of beleefd nee zeggen.",De spreker kan om een bon vragen. Een begrijpelijk woord of een vaste korte zin is genoeg; het model is niet het enige goede antwoord.,"Optioneel: de partner zegt het antwoord nog eens. Reageer met dank je, oké of een begroeting die past."
mx-0-onderweg-01-circle,route-0,circle,onderweg,Een bestemming noemen,Vertel dat je naar de winkel gaat.,Je gaat boodschappen doen.,Ik ga naar …,Ik ga naar de winkel.,"Een bestemming noemen met een woord, vaste uitdrukking of korte zin.",Luister naar de mededeling. Herhaal het genoemde gegeven om te laten merken dat je het begrijpt.,De spreker kan een bestemming noemen. Een begrijpelijk woord of een vaste korte zin is genoeg; het model is niet het enige goede antwoord.,Optioneel: wissel van rol. Noem zelf een ander passend gegeven.
mx-0-onderweg-01-square,route-0,square,onderweg,Naar een bestemming vragen,Vraag waar de winkel is.,Je kent de straat niet.,Waar is de …?,Waar is de winkel?,"Naar een bestemming vragen met een woord, vaste uitdrukking of korte zin.","Wacht op de vraag. Geef één kort, passend antwoord. Gebruik de oefenfeiten; ontbrekende informatie mag je verzinnen.",De spreker kan naar een bestemming vragen. Een begrijpelijk woord of een vaste korte zin is genoeg; het model is niet het enige goede antwoord.,Optioneel: wissel van rol. Stel dezelfde vraag en luister naar het nieuwe antwoord.
mx-0-onderweg-01-triangle,route-0,triangle,onderweg,Vervoer naar een winkel kiezen,Kies vervoer naar de winkel: lopen of de bus.,De winkel is dichtbij. De bus rijdt ook.,Ik loop naar …,Ik loop naar de winkel.,"Vervoer naar een winkel kiezen met een woord, vaste uitdrukking of korte zin.",Luister naar de keuze. Herhaal alleen wat de spreker kiest. Beide aangeboden opties zijn toegestaan.,De spreker kan vervoer naar een winkel kiezen. Een begrijpelijk woord of een vaste korte zin is genoeg; het model is niet het enige goede antwoord.,Optioneel: kies de andere mogelijkheid. De partner herhaalt je nieuwe keuze.
mx-0-onderweg-01-diamond,route-0,diamond,onderweg,Iemand meenemen naar de winkel,Vraag iemand mee naar de winkel.,Je gaat nu weg.,Ga je mee naar …?,Ga je mee naar de winkel?,"Iemand meenemen naar de winkel met een woord, vaste uitdrukking of korte zin.","Speel de aangesproken persoon. Reageer kort op wat de spreker zegt of vraagt. Je mag helpen, bedanken of beleefd nee zeggen.",De spreker kan iemand meenemen naar de winkel. Een begrijpelijk woord of een vaste korte zin is genoeg; het model is niet het enige goede antwoord.,"Optioneel: de partner zegt het antwoord nog eens. Reageer met dank je, oké of een begroeting die past."
mx-0-onderweg-02-circle,route-0,circle,onderweg,Vervoer naar school noemen,Vertel hoe je naar school gaat.,Je mag vervoer verzinnen.,Ik ga met … naar school.,Ik ga met de bus naar school.,"Vervoer naar school noemen met een woord, vaste uitdrukking of korte zin.",Luister naar de mededeling. Herhaal het genoemde gegeven om te laten merken dat je het begrijpt.,De spreker kan vervoer naar school noemen. Een begrijpelijk woord of een vaste korte zin is genoeg; het model is niet het enige goede antwoord.,Optioneel: wissel van rol. Noem zelf een ander passend gegeven.
mx-0-onderweg-02-square,route-0,square,onderweg,Een bestemming controleren,Vraag of deze bus naar school gaat.,Je spreekt de chauffeur.,Gaat deze bus naar …?,Gaat deze bus naar school?,"Een bestemming controleren met een woord, vaste uitdrukking of korte zin.","Wacht op de vraag. Geef één kort, passend antwoord. Gebruik de oefenfeiten; ontbrekende informatie mag je verzinnen.",De spreker kan een bestemming controleren. Een begrijpelijk woord of een vaste korte zin is genoeg; het model is niet het enige goede antwoord.,Optioneel: wissel van rol. Stel dezelfde vraag en luister naar het nieuwe antwoord.
mx-0-onderweg-02-triangle,route-0,triangle,onderweg,Vervoer naar school kiezen,Kies naar school: met de bus of de fiets.,Beide kunnen.,Ik fiets naar …,Ik fiets naar school.,"Vervoer naar school kiezen met een woord, vaste uitdrukking of korte zin.",Luister naar de keuze. Herhaal alleen wat de spreker kiest. Beide aangeboden opties zijn toegestaan.,De spreker kan vervoer naar school kiezen. Een begrijpelijk woord of een vaste korte zin is genoeg; het model is niet het enige goede antwoord.,Optioneel: kies de andere mogelijkheid. De partner herhaalt je nieuwe keuze.
mx-0-onderweg-02-diamond,route-0,diamond,onderweg,Vertraging melden,Meld dat je later op school komt.,Je oefent een bericht aan de docent.,Ik kom … op school.,Ik kom later op school.,"Vertraging melden met een woord, vaste uitdrukking of korte zin.","Speel de aangesproken persoon. Reageer kort op wat de spreker zegt of vraagt. Je mag helpen, bedanken of beleefd nee zeggen.",De spreker kan vertraging melden. Een begrijpelijk woord of een vaste korte zin is genoeg; het model is niet het enige goede antwoord.,"Optioneel: de partner zegt het antwoord nog eens. Reageer met dank je, oké of een begroeting die past."
mx-0-onderweg-03-circle,route-0,circle,onderweg,Je plek doorgeven,Vertel dat je bij de bibliotheek bent.,Je belt een vriend.,Ik ben bij …,Ik ben bij de bibliotheek.,"Je plek doorgeven met een woord, vaste uitdrukking of korte zin.",Luister naar de mededeling. Herhaal het genoemde gegeven om te laten merken dat je het begrijpt.,De spreker kan je plek doorgeven. Een begrijpelijk woord of een vaste korte zin is genoeg; het model is niet het enige goede antwoord.,Optioneel: wissel van rol. Noem zelf een ander passend gegeven.
mx-0-onderweg-03-square,route-0,square,onderweg,Naar opening vragen,Vraag of de bibliotheek open is.,Je spreekt een medewerker.,Is de bibliotheek …?,Is de bibliotheek open?,"Naar opening vragen met een woord, vaste uitdrukking of korte zin.","Wacht op de vraag. Geef één kort, passend antwoord. Gebruik de oefenfeiten; ontbrekende informatie mag je verzinnen.",De spreker kan naar opening vragen. Een begrijpelijk woord of een vaste korte zin is genoeg; het model is niet het enige goede antwoord.,Optioneel: wissel van rol. Stel dezelfde vraag en luister naar het nieuwe antwoord.
mx-0-onderweg-03-triangle,route-0,triangle,onderweg,Een ingang kiezen,Kies een ingang: links of rechts.,Beide ingangen van de bibliotheek zijn open.,Ik neem de ingang …,Ik neem de ingang links.,"Een ingang kiezen met een woord, vaste uitdrukking of korte zin.",Luister naar de keuze. Herhaal alleen wat de spreker kiest. Beide aangeboden opties zijn toegestaan.,De spreker kan een ingang kiezen. Een begrijpelijk woord of een vaste korte zin is genoeg; het model is niet het enige goede antwoord.,Optioneel: kies de andere mogelijkheid. De partner herhaalt je nieuwe keuze.
mx-0-onderweg-03-diamond,route-0,diamond,onderweg,Hulp bij binnenkomen vragen,Vraag om de deur van de bibliotheek te openen.,Je hebt je handen vol boeken.,Wilt u de deur …?,Wilt u de deur opendoen?,"Hulp bij binnenkomen vragen met een woord, vaste uitdrukking of korte zin.","Speel de aangesproken persoon. Reageer kort op wat de spreker zegt of vraagt. Je mag helpen, bedanken of beleefd nee zeggen.",De spreker kan hulp bij binnenkomen vragen. Een begrijpelijk woord of een vaste korte zin is genoeg; het model is niet het enige goede antwoord.,"Optioneel: de partner zegt het antwoord nog eens. Reageer met dank je, oké of een begroeting die past."
mx-0-onderweg-04-circle,route-0,circle,onderweg,Een wachtplek doorgeven,Vertel waar je op de trein wacht.,Oefensituatie: je wacht op perron twee.,Ik wacht op perron …,Ik wacht op perron twee.,"Een wachtplek doorgeven met een woord, vaste uitdrukking of korte zin.",Luister naar de mededeling. Herhaal het genoemde gegeven om te laten merken dat je het begrijpt.,De spreker kan een wachtplek doorgeven. Een begrijpelijk woord of een vaste korte zin is genoeg; het model is niet het enige goede antwoord.,Optioneel: wissel van rol. Noem zelf een ander passend gegeven.
mx-0-onderweg-04-square,route-0,square,onderweg,Naar vertrektijd vragen,Vraag hoe laat de trein vertrekt.,Je staat op het station.,Hoe laat vertrekt …?,Hoe laat vertrekt de trein?,"Naar vertrektijd vragen met een woord, vaste uitdrukking of korte zin.","Wacht op de vraag. Geef één kort, passend antwoord. Gebruik de oefenfeiten; ontbrekende informatie mag je verzinnen.",De spreker kan naar vertrektijd vragen. Een begrijpelijk woord of een vaste korte zin is genoeg; het model is niet het enige goede antwoord.,Optioneel: wissel van rol. Stel dezelfde vraag en luister naar het nieuwe antwoord.
mx-0-onderweg-04-triangle,route-0,triangle,onderweg,Een treinplek kiezen,Kies een plek in de trein: raam of gang.,Beide plekken zijn vrij.,Ik zit aan …,Ik zit aan het raam.,"Een treinplek kiezen met een woord, vaste uitdrukking of korte zin.",Luister naar de keuze. Herhaal alleen wat de spreker kiest. Beide aangeboden opties zijn toegestaan.,De spreker kan een treinplek kiezen. Een begrijpelijk woord of een vaste korte zin is genoeg; het model is niet het enige goede antwoord.,Optioneel: kies de andere mogelijkheid. De partner herhaalt je nieuwe keuze.
mx-0-onderweg-04-diamond,route-0,diamond,onderweg,Ruimte vragen om te passeren,Vraag of je langs iemand mag.,Je wilt uit de trein.,Mag ik …?,Mag ik erlangs?,"Ruimte vragen om te passeren met een woord, vaste uitdrukking of korte zin.","Speel de aangesproken persoon. Reageer kort op wat de spreker zegt of vraagt. Je mag helpen, bedanken of beleefd nee zeggen.",De spreker kan ruimte vragen om te passeren. Een begrijpelijk woord of een vaste korte zin is genoeg; het model is niet het enige goede antwoord.,"Optioneel: de partner zegt het antwoord nog eens. Reageer met dank je, oké of een begroeting die past."
mx-0-onderweg-05-circle,route-0,circle,onderweg,Een parkactiviteit noemen,Vertel wat je in het park doet.,Bijvoorbeeld: zitten of wandelen.,Ik … in het park.,Ik wandel in het park.,"Een parkactiviteit noemen met een woord, vaste uitdrukking of korte zin.",Luister naar de mededeling. Herhaal het genoemde gegeven om te laten merken dat je het begrijpt.,De spreker kan een parkactiviteit noemen. Een begrijpelijk woord of een vaste korte zin is genoeg; het model is niet het enige goede antwoord.,Optioneel: wissel van rol. Noem zelf een ander passend gegeven.
mx-0-onderweg-05-square,route-0,square,onderweg,Naar een uitgang vragen,Vraag waar de uitgang van het park is.,Je wilt het park verlaten.,Waar is de …?,Waar is de uitgang?,"Naar een uitgang vragen met een woord, vaste uitdrukking of korte zin.","Wacht op de vraag. Geef één kort, passend antwoord. Gebruik de oefenfeiten; ontbrekende informatie mag je verzinnen.",De spreker kan naar een uitgang vragen. Een begrijpelijk woord of een vaste korte zin is genoeg; het model is niet het enige goede antwoord.,Optioneel: wissel van rol. Stel dezelfde vraag en luister naar het nieuwe antwoord.
mx-0-onderweg-05-triangle,route-0,triangle,onderweg,Een rustplek kiezen,Kies een plek in het park: zon of schaduw.,Er zijn twee vrije banken.,Ik zit in de …,Ik zit in de schaduw.,"Een rustplek kiezen met een woord, vaste uitdrukking of korte zin.",Luister naar de keuze. Herhaal alleen wat de spreker kiest. Beide aangeboden opties zijn toegestaan.,De spreker kan een rustplek kiezen. Een begrijpelijk woord of een vaste korte zin is genoeg; het model is niet het enige goede antwoord.,Optioneel: kies de andere mogelijkheid. De partner herhaalt je nieuwe keuze.
mx-0-onderweg-05-diamond,route-0,diamond,onderweg,Om een zitplek vragen,Vraag of je naast iemand mag zitten.,Er is plaats op de bank in het park.,Mag ik naast u …?,Mag ik naast u zitten?,"Om een zitplek vragen met een woord, vaste uitdrukking of korte zin.","Speel de aangesproken persoon. Reageer kort op wat de spreker zegt of vraagt. Je mag helpen, bedanken of beleefd nee zeggen.",De spreker kan om een zitplek vragen. Een begrijpelijk woord of een vaste korte zin is genoeg; het model is niet het enige goede antwoord.,"Optioneel: de partner zegt het antwoord nog eens. Reageer met dank je, oké of een begroeting die past."
mx-0-onderweg-06-circle,route-0,circle,onderweg,Een korte route benoemen,Vertel dat je naar de bakker loopt.,Je gaat brood halen.,Ik loop naar de …,Ik loop naar de bakker.,"Een korte route benoemen met een woord, vaste uitdrukking of korte zin.",Luister naar de mededeling. Herhaal het genoemde gegeven om te laten merken dat je het begrijpt.,De spreker kan een korte route benoemen. Een begrijpelijk woord of een vaste korte zin is genoeg; het model is niet het enige goede antwoord.,Optioneel: wissel van rol. Noem zelf een ander passend gegeven.
mx-0-onderweg-06-square,route-0,square,onderweg,Naar afstand vragen,Vraag of de bakker dichtbij is.,Je kent de buurt niet.,Is de bakker …?,Is de bakker dichtbij?,"Naar afstand vragen met een woord, vaste uitdrukking of korte zin.","Wacht op de vraag. Geef één kort, passend antwoord. Gebruik de oefenfeiten; ontbrekende informatie mag je verzinnen.",De spreker kan naar afstand vragen. Een begrijpelijk woord of een vaste korte zin is genoeg; het model is niet het enige goede antwoord.,Optioneel: wissel van rol. Stel dezelfde vraag en luister naar het nieuwe antwoord.
mx-0-onderweg-06-triangle,route-0,triangle,onderweg,Een winkelplek kiezen,Kies een bakker: bij school of bij huis.,Beide bakkers zijn open.,Ik ga naar de bakker bij …,Ik ga naar de bakker bij huis.,"Een winkelplek kiezen met een woord, vaste uitdrukking of korte zin.",Luister naar de keuze. Herhaal alleen wat de spreker kiest. Beide aangeboden opties zijn toegestaan.,De spreker kan een winkelplek kiezen. Een begrijpelijk woord of een vaste korte zin is genoeg; het model is niet het enige goede antwoord.,Optioneel: kies de andere mogelijkheid. De partner herhaalt je nieuwe keuze.
mx-0-onderweg-06-diamond,route-0,diamond,onderweg,De beurtvolgorde regelen,Vraag wie aan de beurt is bij de bakker.,Er staan twee mensen te wachten.,Wie is er aan …?,Wie is er aan de beurt?,"De beurtvolgorde regelen met een woord, vaste uitdrukking of korte zin.","Speel de aangesproken persoon. Reageer kort op wat de spreker zegt of vraagt. Je mag helpen, bedanken of beleefd nee zeggen.",De spreker kan de beurtvolgorde regelen. Een begrijpelijk woord of een vaste korte zin is genoeg; het model is niet het enige goede antwoord.,"Optioneel: de partner zegt het antwoord nog eens. Reageer met dank je, oké of een begroeting die past."
mx-0-onderweg-07-circle,route-0,circle,onderweg,Een winkelbestemming noemen,Vertel waar je boodschappen doet.,Je mag een winkel verzinnen.,Ik ga naar de …,Ik ga naar de supermarkt.,"Een winkelbestemming noemen met een woord, vaste uitdrukking of korte zin.",Luister naar de mededeling. Herhaal het genoemde gegeven om te laten merken dat je het begrijpt.,De spreker kan een winkelbestemming noemen. Een begrijpelijk woord of een vaste korte zin is genoeg; het model is niet het enige goede antwoord.,Optioneel: wissel van rol. Noem zelf een ander passend gegeven.
mx-0-onderweg-07-square,route-0,square,onderweg,Naar winkelwagens vragen,Vraag waar de winkelwagens staan.,Je staat bij de supermarkt.,Waar staan de …?,Waar staan de winkelwagens?,"Naar winkelwagens vragen met een woord, vaste uitdrukking of korte zin.","Wacht op de vraag. Geef één kort, passend antwoord. Gebruik de oefenfeiten; ontbrekende informatie mag je verzinnen.",De spreker kan naar winkelwagens vragen. Een begrijpelijk woord of een vaste korte zin is genoeg; het model is niet het enige goede antwoord.,Optioneel: wissel van rol. Stel dezelfde vraag en luister naar het nieuwe antwoord.
mx-0-onderweg-07-triangle,route-0,triangle,onderweg,Een hulpmiddel kiezen,Kies in de supermarkt: een mandje of een wagen.,Beide staan bij de ingang.,Ik pak een …,Ik pak een mandje.,"Een hulpmiddel kiezen met een woord, vaste uitdrukking of korte zin.",Luister naar de keuze. Herhaal alleen wat de spreker kiest. Beide aangeboden opties zijn toegestaan.,De spreker kan een hulpmiddel kiezen. Een begrijpelijk woord of een vaste korte zin is genoeg; het model is niet het enige goede antwoord.,Optioneel: kies de andere mogelijkheid. De partner herhaalt je nieuwe keuze.
mx-0-onderweg-07-diamond,route-0,diamond,onderweg,Een winkelwagen vragen,Vraag of je een winkelwagen mag gebruiken.,Er staat een lege wagen bij de medewerker.,Mag ik deze … gebruiken?,Mag ik deze winkelwagen gebruiken?,"Een winkelwagen vragen met een woord, vaste uitdrukking of korte zin.","Speel de aangesproken persoon. Reageer kort op wat de spreker zegt of vraagt. Je mag helpen, bedanken of beleefd nee zeggen.",De spreker kan een winkelwagen vragen. Een begrijpelijk woord of een vaste korte zin is genoeg; het model is niet het enige goede antwoord.,"Optioneel: de partner zegt het antwoord nog eens. Reageer met dank je, oké of een begroeting die past."
mx-0-onderweg-08-circle,route-0,circle,onderweg,Een sportbestemming noemen,Vertel dat je naar het zwembad gaat.,Je gaat zwemmen.,Ik ga naar het …,Ik ga naar het zwembad.,"Een sportbestemming noemen met een woord, vaste uitdrukking of korte zin.",Luister naar de mededeling. Herhaal het genoemde gegeven om te laten merken dat je het begrijpt.,De spreker kan een sportbestemming noemen. Een begrijpelijk woord of een vaste korte zin is genoeg; het model is niet het enige goede antwoord.,Optioneel: wissel van rol. Noem zelf een ander passend gegeven.
mx-0-onderweg-08-square,route-0,square,onderweg,Naar een ruimte vragen,Vraag waar de kleedkamer is.,Je bent in het zwembad.,Waar is de …?,Waar is de kleedkamer?,"Naar een ruimte vragen met een woord, vaste uitdrukking of korte zin.","Wacht op de vraag. Geef één kort, passend antwoord. Gebruik de oefenfeiten; ontbrekende informatie mag je verzinnen.",De spreker kan naar een ruimte vragen. Een begrijpelijk woord of een vaste korte zin is genoeg; het model is niet het enige goede antwoord.,Optioneel: wissel van rol. Stel dezelfde vraag en luister naar het nieuwe antwoord.
mx-0-onderweg-08-triangle,route-0,triangle,onderweg,Een zwemtijd kiezen,Kies een zwemtijd: ochtend of middag.,Beide tijden kunnen.,Ik zwem in de …,Ik zwem in de middag.,"Een zwemtijd kiezen met een woord, vaste uitdrukking of korte zin.",Luister naar de keuze. Herhaal alleen wat de spreker kiest. Beide aangeboden opties zijn toegestaan.,De spreker kan een zwemtijd kiezen. Een begrijpelijk woord of een vaste korte zin is genoeg; het model is niet het enige goede antwoord.,Optioneel: kies de andere mogelijkheid. De partner herhaalt je nieuwe keuze.
mx-0-onderweg-08-diamond,route-0,diamond,onderweg,Een toegangsbewijs vragen,Vraag om één kaartje voor het zwembad.,Je staat bij de balie.,"Eén kaartje voor …, graag.","Eén kaartje voor het zwembad, graag.","Een toegangsbewijs vragen met een woord, vaste uitdrukking of korte zin.","Speel de aangesproken persoon. Reageer kort op wat de spreker zegt of vraagt. Je mag helpen, bedanken of beleefd nee zeggen.",De spreker kan een toegangsbewijs vragen. Een begrijpelijk woord of een vaste korte zin is genoeg; het model is niet het enige goede antwoord.,"Optioneel: de partner zegt het antwoord nog eens. Reageer met dank je, oké of een begroeting die past."
mx-0-onderweg-09-circle,route-0,circle,onderweg,Een ontmoetingsplek doorgeven,Vertel bij welk café je wacht.,Oefencafé: De Hoek.,Ik wacht bij café …,Ik wacht bij café De Hoek.,"Een ontmoetingsplek doorgeven met een woord, vaste uitdrukking of korte zin.",Luister naar de mededeling. Herhaal het genoemde gegeven om te laten merken dat je het begrijpt.,De spreker kan een ontmoetingsplek doorgeven. Een begrijpelijk woord of een vaste korte zin is genoeg; het model is niet het enige goede antwoord.,Optioneel: wissel van rol. Noem zelf een ander passend gegeven.
mx-0-onderweg-09-square,route-0,square,onderweg,Opening controleren,Vraag of het café nog open is.,Je belt het café.,Bent u nog …?,Bent u nog open?,"Opening controleren met een woord, vaste uitdrukking of korte zin.","Wacht op de vraag. Geef één kort, passend antwoord. Gebruik de oefenfeiten; ontbrekende informatie mag je verzinnen.",De spreker kan opening controleren. Een begrijpelijk woord of een vaste korte zin is genoeg; het model is niet het enige goede antwoord.,Optioneel: wissel van rol. Stel dezelfde vraag en luister naar het nieuwe antwoord.
mx-0-onderweg-09-triangle,route-0,triangle,onderweg,Een caféplek kiezen,Kies bij het café: binnen of op het terras.,Er is overal plaats.,Ik zit op …,Ik zit op het terras.,"Een caféplek kiezen met een woord, vaste uitdrukking of korte zin.",Luister naar de keuze. Herhaal alleen wat de spreker kiest. Beide aangeboden opties zijn toegestaan.,De spreker kan een caféplek kiezen. Een begrijpelijk woord of een vaste korte zin is genoeg; het model is niet het enige goede antwoord.,Optioneel: kies de andere mogelijkheid. De partner herhaalt je nieuwe keuze.
mx-0-onderweg-09-diamond,route-0,diamond,onderweg,Een tafel vragen,Vraag een tafel voor twee personen.,Je staat bij de ingang van het café.,"Een tafel voor …, graag.","Een tafel voor twee, graag.","Een tafel vragen met een woord, vaste uitdrukking of korte zin.","Speel de aangesproken persoon. Reageer kort op wat de spreker zegt of vraagt. Je mag helpen, bedanken of beleefd nee zeggen.",De spreker kan een tafel vragen. Een begrijpelijk woord of een vaste korte zin is genoeg; het model is niet het enige goede antwoord.,"Optioneel: de partner zegt het antwoord nog eens. Reageer met dank je, oké of een begroeting die past."
mx-0-onderweg-10-circle,route-0,circle,onderweg,Vervoer naar huis noemen,Vertel hoe je naar huis gaat.,Noem één manier.,Ik ga … naar huis.,Ik ga lopend naar huis.,"Vervoer naar huis noemen met een woord, vaste uitdrukking of korte zin.",Luister naar de mededeling. Herhaal het genoemde gegeven om te laten merken dat je het begrijpt.,De spreker kan vervoer naar huis noemen. Een begrijpelijk woord of een vaste korte zin is genoeg; het model is niet het enige goede antwoord.,Optioneel: wissel van rol. Noem zelf een ander passend gegeven.
mx-0-onderweg-10-square,route-0,square,onderweg,Een busroute controleren,Vraag of bus drie naar het centrum gaat.,Je spreekt de chauffeur van bus drie.,Gaat deze bus naar …?,Gaat deze bus naar het centrum?,"Een busroute controleren met een woord, vaste uitdrukking of korte zin.","Wacht op de vraag. Geef één kort, passend antwoord. Gebruik de oefenfeiten; ontbrekende informatie mag je verzinnen.",De spreker kan een busroute controleren. Een begrijpelijk woord of een vaste korte zin is genoeg; het model is niet het enige goede antwoord.,Optioneel: wissel van rol. Stel dezelfde vraag en luister naar het nieuwe antwoord.
mx-0-onderweg-10-triangle,route-0,triangle,onderweg,Een terugreis kiezen,Kies de terugreis: bus of trein.,Beide rijden naar jouw woonplaats.,Ik neem … naar huis.,Ik neem de trein naar huis.,"Een terugreis kiezen met een woord, vaste uitdrukking of korte zin.",Luister naar de keuze. Herhaal alleen wat de spreker kiest. Beide aangeboden opties zijn toegestaan.,De spreker kan een terugreis kiezen. Een begrijpelijk woord of een vaste korte zin is genoeg; het model is niet het enige goede antwoord.,Optioneel: kies de andere mogelijkheid. De partner herhaalt je nieuwe keuze.
mx-0-onderweg-10-diamond,route-0,diamond,onderweg,Afscheid nemen,Neem afscheid van je reisgenoot.,Je stapt uit en gaat naar huis.,"Dag, fijne …!","Dag, fijne dag!","Afscheid nemen met een woord, vaste uitdrukking of korte zin.","Speel de aangesproken persoon. Reageer kort op wat de spreker zegt of vraagt. Je mag helpen, bedanken of beleefd nee zeggen.",De spreker kan afscheid nemen. Een begrijpelijk woord of een vaste korte zin is genoeg; het model is niet het enige goede antwoord.,"Optioneel: de partner zegt het antwoord nog eens. Reageer met dank je, oké of een begroeting die past."
mx-0-in-de-les-01-circle,route-0,circle,in-de-les,Warmte of kou aangeven,Vertel of je het warm of koud hebt.,Je mag een situatie verzinnen.,Ik heb het …,Ik heb het warm.,"Warmte of kou aangeven met een woord, vaste uitdrukking of korte zin.",Luister naar de mededeling. Herhaal het genoemde gegeven om te laten merken dat je het begrijpt.,De spreker kan warmte of kou aangeven. Een begrijpelijk woord of een vaste korte zin is genoeg; het model is niet het enige goede antwoord.,Optioneel: wissel van rol. Noem zelf een ander passend gegeven.
mx-0-in-de-les-01-square,route-0,square,in-de-les,Naar de stand van een raam vragen,Vraag of het raam open is.,Je kunt het raam niet zien.,Is het raam …?,Is het raam open?,"Naar de stand van een raam vragen met een woord, vaste uitdrukking of korte zin.","Wacht op de vraag. Geef één kort, passend antwoord. Gebruik de oefenfeiten; ontbrekende informatie mag je verzinnen.",De spreker kan naar de stand van een raam vragen. Een begrijpelijk woord of een vaste korte zin is genoeg; het model is niet het enige goede antwoord.,Optioneel: wissel van rol. Stel dezelfde vraag en luister naar het nieuwe antwoord.
mx-0-in-de-les-01-triangle,route-0,triangle,in-de-les,Een raamstand kiezen,Kies voor het raam: open of dicht.,De docent vraagt wat je prettig vindt.,Ik wil het raam …,Ik wil het raam dicht.,"Een raamstand kiezen met een woord, vaste uitdrukking of korte zin.",Luister naar de keuze. Herhaal alleen wat de spreker kiest. Beide aangeboden opties zijn toegestaan.,De spreker kan een raamstand kiezen. Een begrijpelijk woord of een vaste korte zin is genoeg; het model is niet het enige goede antwoord.,Optioneel: kies de andere mogelijkheid. De partner herhaalt je nieuwe keuze.
mx-0-in-de-les-01-diamond,route-0,diamond,in-de-les,Om frisse lucht vragen,Vraag of het raam open mag.,Het is warm in het lokaal.,Mag het raam …?,Mag het raam open?,"Om frisse lucht vragen met een woord, vaste uitdrukking of korte zin.","Speel de aangesproken persoon. Reageer kort op wat de spreker zegt of vraagt. Je mag helpen, bedanken of beleefd nee zeggen.",De spreker kan om frisse lucht vragen. Een begrijpelijk woord of een vaste korte zin is genoeg; het model is niet het enige goede antwoord.,"Optioneel: de partner zegt het antwoord nog eens. Reageer met dank je, oké of een begroeting die past."
mx-0-in-de-les-02-circle,route-0,circle,in-de-les,Een deurstand beschrijven,Vertel of de deur open of dicht is.,Kijk naar de deur of verzin het.,De deur is …,De deur is dicht.,"Een deurstand beschrijven met een woord, vaste uitdrukking of korte zin.",Luister naar de mededeling. Herhaal het genoemde gegeven om te laten merken dat je het begrijpt.,De spreker kan een deurstand beschrijven. Een begrijpelijk woord of een vaste korte zin is genoeg; het model is niet het enige goede antwoord.,Optioneel: wissel van rol. Noem zelf een ander passend gegeven.
mx-0-in-de-les-02-square,route-0,square,in-de-les,Naar het leslokaal vragen,Vraag waar het lokaal is.,Je staat in de gang.,Waar is ons …?,Waar is ons lokaal?,"Naar het leslokaal vragen met een woord, vaste uitdrukking of korte zin.","Wacht op de vraag. Geef één kort, passend antwoord. Gebruik de oefenfeiten; ontbrekende informatie mag je verzinnen.",De spreker kan naar het leslokaal vragen. Een begrijpelijk woord of een vaste korte zin is genoeg; het model is niet het enige goede antwoord.,Optioneel: wissel van rol. Stel dezelfde vraag en luister naar het nieuwe antwoord.
mx-0-in-de-les-02-triangle,route-0,triangle,in-de-les,Kiezen waar je blijft,Kies bij de deur: wachten of naar binnen gaan.,De docent zegt dat beide mogen.,Ik … hier.,Ik wacht hier.,"Kiezen waar je blijft met een woord, vaste uitdrukking of korte zin.",Luister naar de keuze. Herhaal alleen wat de spreker kiest. Beide aangeboden opties zijn toegestaan.,De spreker kan kiezen waar je blijft. Een begrijpelijk woord of een vaste korte zin is genoeg; het model is niet het enige goede antwoord.,Optioneel: kies de andere mogelijkheid. De partner herhaalt je nieuwe keuze.
mx-0-in-de-les-02-diamond,route-0,diamond,in-de-les,Hulp bij een deur vragen,Vraag of iemand de deur voor je opent.,Je draagt boeken in beide handen.,Kun je de deur …?,Kun je de deur opendoen?,"Hulp bij een deur vragen met een woord, vaste uitdrukking of korte zin.","Speel de aangesproken persoon. Reageer kort op wat de spreker zegt of vraagt. Je mag helpen, bedanken of beleefd nee zeggen.",De spreker kan hulp bij een deur vragen. Een begrijpelijk woord of een vaste korte zin is genoeg; het model is niet het enige goede antwoord.,"Optioneel: de partner zegt het antwoord nog eens. Reageer met dank je, oké of een begroeting die past."
mx-0-in-de-les-03-circle,route-0,circle,in-de-les,Licht in een ruimte beschrijven,Vertel of het lokaal licht of donker is.,Kijk rond of verzin een lokaal.,Het is hier …,Het is hier licht.,"Licht in een ruimte beschrijven met een woord, vaste uitdrukking of korte zin.",Luister naar de mededeling. Herhaal het genoemde gegeven om te laten merken dat je het begrijpt.,De spreker kan licht in een ruimte beschrijven. Een begrijpelijk woord of een vaste korte zin is genoeg; het model is niet het enige goede antwoord.,Optioneel: wissel van rol. Noem zelf een ander passend gegeven.
mx-0-in-de-les-03-square,route-0,square,in-de-les,Naar een lamp vragen,Vraag of de lamp aan is.,Je wilt weten of de lamp brandt.,Is de lamp …?,Is de lamp aan?,"Naar een lamp vragen met een woord, vaste uitdrukking of korte zin.","Wacht op de vraag. Geef één kort, passend antwoord. Gebruik de oefenfeiten; ontbrekende informatie mag je verzinnen.",De spreker kan naar een lamp vragen. Een begrijpelijk woord of een vaste korte zin is genoeg; het model is niet het enige goede antwoord.,Optioneel: wissel van rol. Stel dezelfde vraag en luister naar het nieuwe antwoord.
mx-0-in-de-les-03-triangle,route-0,triangle,in-de-les,Een lampstand kiezen,Kies voor de lamp: aan of uit.,Er is genoeg daglicht. Je mag kiezen.,Ik wil de lamp …,Ik wil de lamp uit.,"Een lampstand kiezen met een woord, vaste uitdrukking of korte zin.",Luister naar de keuze. Herhaal alleen wat de spreker kiest. Beide aangeboden opties zijn toegestaan.,De spreker kan een lampstand kiezen. Een begrijpelijk woord of een vaste korte zin is genoeg; het model is niet het enige goede antwoord.,Optioneel: kies de andere mogelijkheid. De partner herhaalt je nieuwe keuze.
mx-0-in-de-les-03-diamond,route-0,diamond,in-de-les,Om verlichting vragen,Vraag of het licht aan mag.,Het is donker. Je wilt lezen.,Mag het licht …?,Mag het licht aan?,"Om verlichting vragen met een woord, vaste uitdrukking of korte zin.","Speel de aangesproken persoon. Reageer kort op wat de spreker zegt of vraagt. Je mag helpen, bedanken of beleefd nee zeggen.",De spreker kan om verlichting vragen. Een begrijpelijk woord of een vaste korte zin is genoeg; het model is niet het enige goede antwoord.,"Optioneel: de partner zegt het antwoord nog eens. Reageer met dank je, oké of een begroeting die past."
mx-0-in-de-les-04-circle,route-0,circle,in-de-les,Een geluid benoemen,Vertel welk geluid je hoort.,"Bijvoorbeeld: muziek, stemmen of verkeer.",Ik hoor …,Ik hoor muziek.,"Een geluid benoemen met een woord, vaste uitdrukking of korte zin.",Luister naar de mededeling. Herhaal het genoemde gegeven om te laten merken dat je het begrijpt.,De spreker kan een geluid benoemen. Een begrijpelijk woord of een vaste korte zin is genoeg; het model is niet het enige goede antwoord.,Optioneel: wissel van rol. Noem zelf een ander passend gegeven.
mx-0-in-de-les-04-square,route-0,square,in-de-les,Horen controleren,Vraag of de ander de docent hoort.,De docent praat zacht.,Hoor je de …?,Hoor je de docent?,"Horen controleren met een woord, vaste uitdrukking of korte zin.","Wacht op de vraag. Geef één kort, passend antwoord. Gebruik de oefenfeiten; ontbrekende informatie mag je verzinnen.",De spreker kan horen controleren. Een begrijpelijk woord of een vaste korte zin is genoeg; het model is niet het enige goede antwoord.,Optioneel: wissel van rol. Stel dezelfde vraag en luister naar het nieuwe antwoord.
mx-0-in-de-les-04-triangle,route-0,triangle,in-de-les,Een geluidsniveau kiezen,Kies de muziek: zacht of uit.,Jullie gaan lezen.,Ik wil de muziek …,Ik wil de muziek zacht.,"Een geluidsniveau kiezen met een woord, vaste uitdrukking of korte zin.",Luister naar de keuze. Herhaal alleen wat de spreker kiest. Beide aangeboden opties zijn toegestaan.,De spreker kan een geluidsniveau kiezen. Een begrijpelijk woord of een vaste korte zin is genoeg; het model is niet het enige goede antwoord.,Optioneel: kies de andere mogelijkheid. De partner herhaalt je nieuwe keuze.
mx-0-in-de-les-04-diamond,route-0,diamond,in-de-les,Om verstaanbare uitleg vragen,Vraag de docent harder te praten.,Je hoort de uitleg niet goed.,Kunt u … praten?,Kunt u harder praten?,"Om verstaanbare uitleg vragen met een woord, vaste uitdrukking of korte zin.","Speel de aangesproken persoon. Reageer kort op wat de spreker zegt of vraagt. Je mag helpen, bedanken of beleefd nee zeggen.",De spreker kan om verstaanbare uitleg vragen. Een begrijpelijk woord of een vaste korte zin is genoeg; het model is niet het enige goede antwoord.,"Optioneel: de partner zegt het antwoord nog eens. Reageer met dank je, oké of een begroeting die past."
mx-0-in-de-les-05-circle,route-0,circle,in-de-les,Kou melden,Vertel dat je het koud hebt.,Je speelt een cursist die het koud heeft.,Ik heb het …,Ik heb het koud.,"Kou melden met een woord, vaste uitdrukking of korte zin.",Luister naar de mededeling. Herhaal het genoemde gegeven om te laten merken dat je het begrijpt.,De spreker kan kou melden. Een begrijpelijk woord of een vaste korte zin is genoeg; het model is niet het enige goede antwoord.,Optioneel: wissel van rol. Noem zelf een ander passend gegeven.
mx-0-in-de-les-05-square,route-0,square,in-de-les,Naar verwarming vragen,Vraag of de verwarming aan is.,Het voelt koud in het lokaal.,Is de verwarming …?,Is de verwarming aan?,"Naar verwarming vragen met een woord, vaste uitdrukking of korte zin.","Wacht op de vraag. Geef één kort, passend antwoord. Gebruik de oefenfeiten; ontbrekende informatie mag je verzinnen.",De spreker kan naar verwarming vragen. Een begrijpelijk woord of een vaste korte zin is genoeg; het model is niet het enige goede antwoord.,Optioneel: wissel van rol. Stel dezelfde vraag en luister naar het nieuwe antwoord.
mx-0-in-de-les-05-triangle,route-0,triangle,in-de-les,Een oplossing bij kou kiezen,Kies bij kou: je jas aan of het raam dicht.,Beide oplossingen mogen.,Ik doe mijn … aan.,Ik doe mijn jas aan.,"Een oplossing bij kou kiezen met een woord, vaste uitdrukking of korte zin.",Luister naar de keuze. Herhaal alleen wat de spreker kiest. Beide aangeboden opties zijn toegestaan.,De spreker kan een oplossing bij kou kiezen. Een begrijpelijk woord of een vaste korte zin is genoeg; het model is niet het enige goede antwoord.,Optioneel: kies de andere mogelijkheid. De partner herhaalt je nieuwe keuze.
mx-0-in-de-les-05-diamond,route-0,diamond,in-de-les,Om warmte vragen,Vraag of de verwarming aan mag.,De verwarming staat uit.,Mag de verwarming …?,Mag de verwarming aan?,"Om warmte vragen met een woord, vaste uitdrukking of korte zin.","Speel de aangesproken persoon. Reageer kort op wat de spreker zegt of vraagt. Je mag helpen, bedanken of beleefd nee zeggen.",De spreker kan om warmte vragen. Een begrijpelijk woord of een vaste korte zin is genoeg; het model is niet het enige goede antwoord.,"Optioneel: de partner zegt het antwoord nog eens. Reageer met dank je, oké of een begroeting die past."
mx-0-in-de-les-06-circle,route-0,circle,in-de-les,Je houding benoemen,Vertel of je zit of staat.,Kijk naar jezelf.,Ik zit … / Ik sta …,Ik zit op een stoel.,"Je houding benoemen met een woord, vaste uitdrukking of korte zin.",Luister naar de mededeling. Herhaal het genoemde gegeven om te laten merken dat je het begrijpt.,De spreker kan je houding benoemen. Een begrijpelijk woord of een vaste korte zin is genoeg; het model is niet het enige goede antwoord.,Optioneel: wissel van rol. Noem zelf een ander passend gegeven.
mx-0-in-de-les-06-square,route-0,square,in-de-les,Naar een toegestane plek vragen,Vraag waar je mag zitten.,Je komt in het lokaal.,Waar mag ik …?,Waar mag ik zitten?,"Naar een toegestane plek vragen met een woord, vaste uitdrukking of korte zin.","Wacht op de vraag. Geef één kort, passend antwoord. Gebruik de oefenfeiten; ontbrekende informatie mag je verzinnen.",De spreker kan naar een toegestane plek vragen. Een begrijpelijk woord of een vaste korte zin is genoeg; het model is niet het enige goede antwoord.,Optioneel: wissel van rol. Stel dezelfde vraag en luister naar het nieuwe antwoord.
mx-0-in-de-les-06-triangle,route-0,triangle,in-de-les,Een houding kiezen,Kies tijdens de oefening: zitten of staan.,Beide mogen.,Ik blijf …,Ik blijf staan.,"Een houding kiezen met een woord, vaste uitdrukking of korte zin.",Luister naar de keuze. Herhaal alleen wat de spreker kiest. Beide aangeboden opties zijn toegestaan.,De spreker kan een houding kiezen. Een begrijpelijk woord of een vaste korte zin is genoeg; het model is niet het enige goede antwoord.,Optioneel: kies de andere mogelijkheid. De partner herhaalt je nieuwe keuze.
mx-0-in-de-les-06-diamond,route-0,diamond,in-de-les,Een andere lesplek vragen,Vraag of je vooraan mag zitten.,Vooraan staat een lege stoel. Je wilt dichter bij de docent zitten.,Mag ik … zitten?,Mag ik vooraan zitten?,"Een andere lesplek vragen met een woord, vaste uitdrukking of korte zin.","Speel de aangesproken persoon. Reageer kort op wat de spreker zegt of vraagt. Je mag helpen, bedanken of beleefd nee zeggen.",De spreker kan een andere lesplek vragen. Een begrijpelijk woord of een vaste korte zin is genoeg; het model is niet het enige goede antwoord.,"Optioneel: de partner zegt het antwoord nog eens. Reageer met dank je, oké of een begroeting die past."
mx-0-in-de-les-07-circle,route-0,circle,in-de-les,Schrijfmateriaal noemen,Vertel waarmee je schrijft.,Bijvoorbeeld: een pen of een potlood.,Ik schrijf met …,Ik schrijf met potlood.,"Schrijfmateriaal noemen met een woord, vaste uitdrukking of korte zin.",Luister naar de mededeling. Herhaal het genoemde gegeven om te laten merken dat je het begrijpt.,De spreker kan schrijfmateriaal noemen. Een begrijpelijk woord of een vaste korte zin is genoeg; het model is niet het enige goede antwoord.,Optioneel: wissel van rol. Noem zelf een ander passend gegeven.
mx-0-in-de-les-07-square,route-0,square,in-de-les,Naar beschikbaar lesmateriaal vragen,Vraag of de ander een gum heeft.,Jullie werken met potlood.,Heb je een …?,Heb je een gum?,"Naar beschikbaar lesmateriaal vragen met een woord, vaste uitdrukking of korte zin.","Wacht op de vraag. Geef één kort, passend antwoord. Gebruik de oefenfeiten; ontbrekende informatie mag je verzinnen.",De spreker kan naar beschikbaar lesmateriaal vragen. Een begrijpelijk woord of een vaste korte zin is genoeg; het model is niet het enige goede antwoord.,Optioneel: wissel van rol. Stel dezelfde vraag en luister naar het nieuwe antwoord.
mx-0-in-de-les-07-triangle,route-0,triangle,in-de-les,Schrijfmateriaal kiezen,Kies om te schrijven: pen of potlood.,Beide liggen op tafel.,Ik kies het …,Ik kies het potlood.,"Schrijfmateriaal kiezen met een woord, vaste uitdrukking of korte zin.",Luister naar de keuze. Herhaal alleen wat de spreker kiest. Beide aangeboden opties zijn toegestaan.,De spreker kan schrijfmateriaal kiezen. Een begrijpelijk woord of een vaste korte zin is genoeg; het model is niet het enige goede antwoord.,Optioneel: kies de andere mogelijkheid. De partner herhaalt je nieuwe keuze.
mx-0-in-de-les-07-diamond,route-0,diamond,in-de-les,Om een leenpen vragen,Vraag of je een pen mag lenen.,Je hebt je pen vergeten.,Mag ik een … lenen?,Mag ik een pen lenen?,"Om een leenpen vragen met een woord, vaste uitdrukking of korte zin.","Speel de aangesproken persoon. Reageer kort op wat de spreker zegt of vraagt. Je mag helpen, bedanken of beleefd nee zeggen.",De spreker kan om een leenpen vragen. Een begrijpelijk woord of een vaste korte zin is genoeg; het model is niet het enige goede antwoord.,"Optioneel: de partner zegt het antwoord nog eens. Reageer met dank je, oké of een begroeting die past."
mx-0-in-de-les-08-circle,route-0,circle,in-de-les,Een behoefte aangeven,Vertel dat je dorst hebt.,Je wilt iets drinken.,Ik heb …,Ik heb dorst.,"Een behoefte aangeven met een woord, vaste uitdrukking of korte zin.",Luister naar de mededeling. Herhaal het genoemde gegeven om te laten merken dat je het begrijpt.,De spreker kan een behoefte aangeven. Een begrijpelijk woord of een vaste korte zin is genoeg; het model is niet het enige goede antwoord.,Optioneel: wissel van rol. Noem zelf een ander passend gegeven.
mx-0-in-de-les-08-square,route-0,square,in-de-les,Naar een drankje vragen,Vraag of er water is.,Jullie hebben pauze.,Is er …?,Is er water?,"Naar een drankje vragen met een woord, vaste uitdrukking of korte zin.","Wacht op de vraag. Geef één kort, passend antwoord. Gebruik de oefenfeiten; ontbrekende informatie mag je verzinnen.",De spreker kan naar een drankje vragen. Een begrijpelijk woord of een vaste korte zin is genoeg; het model is niet het enige goede antwoord.,Optioneel: wissel van rol. Stel dezelfde vraag en luister naar het nieuwe antwoord.
mx-0-in-de-les-08-triangle,route-0,triangle,in-de-les,Een pauzedrankje kiezen,Kies in de pauze: water of thee.,Beide zijn beschikbaar.,Ik wil … drinken.,Ik wil thee drinken.,"Een pauzedrankje kiezen met een woord, vaste uitdrukking of korte zin.",Luister naar de keuze. Herhaal alleen wat de spreker kiest. Beide aangeboden opties zijn toegestaan.,De spreker kan een pauzedrankje kiezen. Een begrijpelijk woord of een vaste korte zin is genoeg; het model is niet het enige goede antwoord.,Optioneel: kies de andere mogelijkheid. De partner herhaalt je nieuwe keuze.
mx-0-in-de-les-08-diamond,route-0,diamond,in-de-les,Om drinken vragen,Vraag om een glas water.,Er staat een kan water op tafel.,Mag ik een glas …?,Mag ik een glas water?,"Om drinken vragen met een woord, vaste uitdrukking of korte zin.","Speel de aangesproken persoon. Reageer kort op wat de spreker zegt of vraagt. Je mag helpen, bedanken of beleefd nee zeggen.",De spreker kan om drinken vragen. Een begrijpelijk woord of een vaste korte zin is genoeg; het model is niet het enige goede antwoord.,"Optioneel: de partner zegt het antwoord nog eens. Reageer met dank je, oké of een begroeting die past."
mx-0-in-de-les-09-circle,route-0,circle,in-de-les,Een lesboek benoemen,Vertel welk boek op je tafel ligt.,Bijvoorbeeld: een lesboek of een leesboek.,Mijn … ligt op tafel.,Mijn lesboek ligt op tafel.,"Een lesboek benoemen met een woord, vaste uitdrukking of korte zin.",Luister naar de mededeling. Herhaal het genoemde gegeven om te laten merken dat je het begrijpt.,De spreker kan een lesboek benoemen. Een begrijpelijk woord of een vaste korte zin is genoeg; het model is niet het enige goede antwoord.,Optioneel: wissel van rol. Noem zelf een ander passend gegeven.
mx-0-in-de-les-09-square,route-0,square,in-de-les,Een paginanummer achterhalen,Vraag op welke pagina jullie zijn.,Je zoekt de juiste bladzijde.,Welke … is het?,Welke pagina is het?,"Een paginanummer achterhalen met een woord, vaste uitdrukking of korte zin.","Wacht op de vraag. Geef één kort, passend antwoord. Gebruik de oefenfeiten; ontbrekende informatie mag je verzinnen.",De spreker kan een paginanummer achterhalen. Een begrijpelijk woord of een vaste korte zin is genoeg; het model is niet het enige goede antwoord.,Optioneel: wissel van rol. Stel dezelfde vraag en luister naar het nieuwe antwoord.
mx-0-in-de-les-09-triangle,route-0,triangle,in-de-les,Een leestaak kiezen,Kies een leestaak: woorden of een zin.,Beide taken staan op het bord.,Ik lees de …,Ik lees de zin.,"Een leestaak kiezen met een woord, vaste uitdrukking of korte zin.",Luister naar de keuze. Herhaal alleen wat de spreker kiest. Beide aangeboden opties zijn toegestaan.,De spreker kan een leestaak kiezen. Een begrijpelijk woord of een vaste korte zin is genoeg; het model is niet het enige goede antwoord.,Optioneel: kies de andere mogelijkheid. De partner herhaalt je nieuwe keuze.
mx-0-in-de-les-09-diamond,route-0,diamond,in-de-les,Om een gesproken voorbeeld vragen,Vraag of de docent een woord wil voorlezen.,Wijs een woord in je boek aan.,Wilt u dit woord …?,Wilt u dit woord voorlezen?,"Om een gesproken voorbeeld vragen met een woord, vaste uitdrukking of korte zin.","Speel de aangesproken persoon. Reageer kort op wat de spreker zegt of vraagt. Je mag helpen, bedanken of beleefd nee zeggen.",De spreker kan om een gesproken voorbeeld vragen. Een begrijpelijk woord of een vaste korte zin is genoeg; het model is niet het enige goede antwoord.,"Optioneel: de partner zegt het antwoord nog eens. Reageer met dank je, oké of een begroeting die past."
mx-0-in-de-les-10-circle,route-0,circle,in-de-les,Een volgende activiteit noemen,Vertel wat je na de les doet.,Je mag een activiteit verzinnen.,Ik ga na de les …,Ik ga na de les werken.,"Een volgende activiteit noemen met een woord, vaste uitdrukking of korte zin.",Luister naar de mededeling. Herhaal het genoemde gegeven om te laten merken dat je het begrijpt.,De spreker kan een volgende activiteit noemen. Een begrijpelijk woord of een vaste korte zin is genoeg; het model is niet het enige goede antwoord.,Optioneel: wissel van rol. Noem zelf een ander passend gegeven.
mx-0-in-de-les-10-square,route-0,square,in-de-les,Een lesmoment controleren,Vraag of er morgen les is.,Je controleert het rooster.,Hebben we morgen …?,Hebben we morgen les?,"Een lesmoment controleren met een woord, vaste uitdrukking of korte zin.","Wacht op de vraag. Geef één kort, passend antwoord. Gebruik de oefenfeiten; ontbrekende informatie mag je verzinnen.",De spreker kan een lesmoment controleren. Een begrijpelijk woord of een vaste korte zin is genoeg; het model is niet het enige goede antwoord.,Optioneel: wissel van rol. Stel dezelfde vraag en luister naar het nieuwe antwoord.
mx-0-in-de-les-10-triangle,route-0,triangle,in-de-les,Een bestemming na de les kiezen,Kies na de les: naar huis of naar de winkel.,Je bent klaar met de les.,Ik ga na de les naar …,Ik ga na de les naar huis.,"Een bestemming na de les kiezen met een woord, vaste uitdrukking of korte zin.",Luister naar de keuze. Herhaal alleen wat de spreker kiest. Beide aangeboden opties zijn toegestaan.,De spreker kan een bestemming na de les kiezen. Een begrijpelijk woord of een vaste korte zin is genoeg; het model is niet het enige goede antwoord.,Optioneel: kies de andere mogelijkheid. De partner herhaalt je nieuwe keuze.
mx-0-in-de-les-10-diamond,route-0,diamond,in-de-les,Afscheid nemen van de docent,Neem afscheid van de docent.,De les is klaar. Je gaat weg.,Tot …!,Tot ziens!,"Afscheid nemen van de docent met een woord, vaste uitdrukking of korte zin.","Speel de aangesproken persoon. Reageer kort op wat de spreker zegt of vraagt. Je mag helpen, bedanken of beleefd nee zeggen.",De spreker kan afscheid nemen van de docent. Een begrijpelijk woord of een vaste korte zin is genoeg; het model is niet het enige goede antwoord.,"Optioneel: de partner zegt het antwoord nog eens. Reageer met dank je, oké of een begroeting die past."
