id,routeId,shape,topic,title,instruction,input,support,model,grammar,partner,criterion,retry
dq-0-circle-01,route-0,circle,kennismaken,Vertel kort,Hoe heet jij?,,Ik heet …,Ik heet Sara.,tegenwoordige tijd; korte antwoordzinnen,Docent of cursist leest de vraag voor en luistert. Geen verplichte tweede spreekrol. Wissel pas na het antwoord van spreker.,"Eén begrijpelijk woord, ja/nee of een korte vaste reactie beantwoordt de vraag. Geen reden verplicht.",Optioneel: beantwoord de vraag opnieuw met één ander woord of een andere korte reactie.
dq-0-circle-02,route-0,circle,dagelijks,Vertel kort,Waar woon jij?,,Ik woon in …,Ik woon in Rotterdam.,tegenwoordige tijd; korte antwoordzinnen,Docent of cursist leest de vraag voor en luistert. Geen verplichte tweede spreekrol. Wissel pas na het antwoord van spreker.,"Eén begrijpelijk woord, ja/nee of een korte vaste reactie beantwoordt de vraag. Geen reden verplicht.",Optioneel: beantwoord de vraag opnieuw met één ander woord of een andere korte reactie.
dq-0-circle-03,route-0,circle,kennismaken,Vertel kort,Uit welk land kom jij?,,Ik kom uit …,Ik kom uit Spanje.,tegenwoordige tijd; korte antwoordzinnen,Docent of cursist leest de vraag voor en luistert. Geen verplichte tweede spreekrol. Wissel pas na het antwoord van spreker.,"Eén begrijpelijk woord, ja/nee of een korte vaste reactie beantwoordt de vraag. Geen reden verplicht.",Optioneel: beantwoord de vraag opnieuw met één ander woord of een andere korte reactie.
dq-0-circle-04,route-0,circle,kennismaken,Vertel kort,Welke taal spreek jij?,,Ik spreek …,Ik spreek Arabisch.,tegenwoordige tijd; korte antwoordzinnen,Docent of cursist leest de vraag voor en luistert. Geen verplichte tweede spreekrol. Wissel pas na het antwoord van spreker.,"Eén begrijpelijk woord, ja/nee of een korte vaste reactie beantwoordt de vraag. Geen reden verplicht.",Optioneel: beantwoord de vraag opnieuw met één ander woord of een andere korte reactie.
dq-0-circle-05,route-0,circle,kennismaken,Vertel kort,Hoe oud ben jij?,,Ik ben … jaar.,Ik ben dertig jaar.,tegenwoordige tijd; korte antwoordzinnen,Docent of cursist leest de vraag voor en luistert. Geen verplichte tweede spreekrol. Wissel pas na het antwoord van spreker.,"Eén begrijpelijk woord, ja/nee of een korte vaste reactie beantwoordt de vraag. Geen reden verplicht.",Optioneel: beantwoord de vraag opnieuw met één ander woord of een andere korte reactie.
dq-0-circle-06,route-0,circle,dagelijks,Vertel kort,Wat drink jij graag?,,Ik drink graag …,Ik drink graag thee.,tegenwoordige tijd; korte antwoordzinnen,Docent of cursist leest de vraag voor en luistert. Geen verplichte tweede spreekrol. Wissel pas na het antwoord van spreker.,"Eén begrijpelijk woord, ja/nee of een korte vaste reactie beantwoordt de vraag. Geen reden verplicht.",Optioneel: beantwoord de vraag opnieuw met één ander woord of een andere korte reactie.
dq-0-circle-07,route-0,circle,dagelijks,Vertel kort,Wat eet jij graag?,,Ik eet graag …,Ik eet graag rijst.,tegenwoordige tijd; korte antwoordzinnen,Docent of cursist leest de vraag voor en luistert. Geen verplichte tweede spreekrol. Wissel pas na het antwoord van spreker.,"Eén begrijpelijk woord, ja/nee of een korte vaste reactie beantwoordt de vraag. Geen reden verplicht.",Optioneel: beantwoord de vraag opnieuw met één ander woord of een andere korte reactie.
dq-0-circle-08,route-0,circle,spullen,Vertel kort,Welke kleur heeft jouw tas?,,Mijn tas is …,Mijn tas is blauw.,tegenwoordige tijd; korte antwoordzinnen,Docent of cursist leest de vraag voor en luistert. Geen verplichte tweede spreekrol. Wissel pas na het antwoord van spreker.,"Eén begrijpelijk woord, ja/nee of een korte vaste reactie beantwoordt de vraag. Geen reden verplicht.",Optioneel: beantwoord de vraag opnieuw met één ander woord of een andere korte reactie.
dq-0-circle-09,route-0,circle,spullen,Vertel kort,Welke kleur heeft jouw jas?,,Mijn jas is …,Mijn jas is zwart.,tegenwoordige tijd; korte antwoordzinnen,Docent of cursist leest de vraag voor en luistert. Geen verplichte tweede spreekrol. Wissel pas na het antwoord van spreker.,"Eén begrijpelijk woord, ja/nee of een korte vaste reactie beantwoordt de vraag. Geen reden verplicht.",Optioneel: beantwoord de vraag opnieuw met één ander woord of een andere korte reactie.
dq-0-circle-10,route-0,circle,kennismaken,Vertel kort,Hoe heet jouw docent?,,Mijn docent heet …,Mijn docent heet Noor.,tegenwoordige tijd; korte antwoordzinnen,Docent of cursist leest de vraag voor en luistert. Geen verplichte tweede spreekrol. Wissel pas na het antwoord van spreker.,"Eén begrijpelijk woord, ja/nee of een korte vaste reactie beantwoordt de vraag. Geen reden verplicht.",Optioneel: beantwoord de vraag opnieuw met één ander woord of een andere korte reactie.
dq-0-circle-11,route-0,circle,kennismaken,Vertel kort,Wie zit er naast je?,,… zit naast mij.,Noor zit naast mij.,tegenwoordige tijd; korte antwoordzinnen,Docent of cursist leest de vraag voor en luistert. Geen verplichte tweede spreekrol. Wissel pas na het antwoord van spreker.,"Eén begrijpelijk woord, ja/nee of een korte vaste reactie beantwoordt de vraag. Geen reden verplicht.",Optioneel: beantwoord de vraag opnieuw met één ander woord of een andere korte reactie.
dq-0-circle-12,route-0,circle,kennismaken,Vertel kort,Hoe gaat het met je?,,"Goed, … / Niet zo …","Goed, dank je.",tegenwoordige tijd; korte antwoordzinnen,Docent of cursist leest de vraag voor en luistert. Geen verplichte tweede spreekrol. Wissel pas na het antwoord van spreker.,"Eén begrijpelijk woord, ja/nee of een korte vaste reactie beantwoordt de vraag. Geen reden verplicht.",Optioneel: beantwoord de vraag opnieuw met één ander woord of een andere korte reactie.
dq-0-circle-13,route-0,circle,spullen,Vertel kort,Waar is jouw tas?,,Mijn tas staat …,Mijn tas staat hier.,tegenwoordige tijd; korte antwoordzinnen,Docent of cursist leest de vraag voor en luistert. Geen verplichte tweede spreekrol. Wissel pas na het antwoord van spreker.,"Eén begrijpelijk woord, ja/nee of een korte vaste reactie beantwoordt de vraag. Geen reden verplicht.",Optioneel: beantwoord de vraag opnieuw met één ander woord of een andere korte reactie.
dq-0-circle-14,route-0,circle,spullen,Vertel kort,Wat zit er in jouw tas?,,Er zit … in mijn tas.,Er zit een boek in mijn tas.,tegenwoordige tijd; korte antwoordzinnen,Docent of cursist leest de vraag voor en luistert. Geen verplichte tweede spreekrol. Wissel pas na het antwoord van spreker.,"Eén begrijpelijk woord, ja/nee of een korte vaste reactie beantwoordt de vraag. Geen reden verplicht.",Optioneel: beantwoord de vraag opnieuw met één ander woord of een andere korte reactie.
dq-0-circle-15,route-0,circle,dagelijks,Vertel kort,Wat doe jij vandaag?,,Ik … vandaag.,Ik werk vandaag.,tegenwoordige tijd; korte antwoordzinnen,Docent of cursist leest de vraag voor en luistert. Geen verplichte tweede spreekrol. Wissel pas na het antwoord van spreker.,"Eén begrijpelijk woord, ja/nee of een korte vaste reactie beantwoordt de vraag. Geen reden verplicht.",Optioneel: beantwoord de vraag opnieuw met één ander woord of een andere korte reactie.
dq-0-square-01,route-0,square,dagelijks,Geef antwoord,Woon jij in de stad?,,"Ja, ik woon … / Nee, ik woon …","Ja, ik woon in de stad.",tegenwoordige tijd; korte antwoordzinnen,Docent of cursist leest de vraag voor en luistert. Geen verplichte tweede spreekrol. Wissel pas na het antwoord van spreker.,"Eén begrijpelijk woord, ja/nee of een korte vaste reactie beantwoordt de vraag. Geen reden verplicht.",Optioneel: beantwoord de vraag opnieuw met één ander woord of een andere korte reactie.
dq-0-square-02,route-0,square,spullen,Geef antwoord,Draag jij vandaag een trui?,,"Ja, ik draag … / Nee, ik draag …","Ja, ik draag een trui.",tegenwoordige tijd; korte antwoordzinnen,Docent of cursist leest de vraag voor en luistert. Geen verplichte tweede spreekrol. Wissel pas na het antwoord van spreker.,"Eén begrijpelijk woord, ja/nee of een korte vaste reactie beantwoordt de vraag. Geen reden verplicht.",Optioneel: beantwoord de vraag opnieuw met één ander woord of een andere korte reactie.
dq-0-square-03,route-0,square,dagelijks,Geef antwoord,Drink jij koffie?,,"Ja, ik drink … / Nee, ik drink …","Nee, ik drink thee.",tegenwoordige tijd; korte antwoordzinnen,Docent of cursist leest de vraag voor en luistert. Geen verplichte tweede spreekrol. Wissel pas na het antwoord van spreker.,"Eén begrijpelijk woord, ja/nee of een korte vaste reactie beantwoordt de vraag. Geen reden verplicht.",Optioneel: beantwoord de vraag opnieuw met één ander woord of een andere korte reactie.
dq-0-square-04,route-0,square,onderweg,Geef antwoord,Heb jij een fiets?,,"Ja, ik heb … / Nee, ik heb geen …","Ja, ik heb een fiets.",tegenwoordige tijd; korte antwoordzinnen,Docent of cursist leest de vraag voor en luistert. Geen verplichte tweede spreekrol. Wissel pas na het antwoord van spreker.,"Eén begrijpelijk woord, ja/nee of een korte vaste reactie beantwoordt de vraag. Geen reden verplicht.",Optioneel: beantwoord de vraag opnieuw met één ander woord of een andere korte reactie.
dq-0-square-05,route-0,square,spullen,Geef antwoord,Heb jij een pen?,,"Ja, ik heb … / Nee, ik heb geen …","Nee, ik heb geen pen.",tegenwoordige tijd; korte antwoordzinnen,Docent of cursist leest de vraag voor en luistert. Geen verplichte tweede spreekrol. Wissel pas na het antwoord van spreker.,"Eén begrijpelijk woord, ja/nee of een korte vaste reactie beantwoordt de vraag. Geen reden verplicht.",Optioneel: beantwoord de vraag opnieuw met één ander woord of een andere korte reactie.
dq-0-square-06,route-0,square,dagelijks,Geef antwoord,Spreek jij Engels?,,"Ja, ik spreek … / Nee, ik spreek geen …","Ja, ik spreek Engels.",tegenwoordige tijd; korte antwoordzinnen,Docent of cursist leest de vraag voor en luistert. Geen verplichte tweede spreekrol. Wissel pas na het antwoord van spreker.,"Eén begrijpelijk woord, ja/nee of een korte vaste reactie beantwoordt de vraag. Geen reden verplicht.",Optioneel: beantwoord de vraag opnieuw met één ander woord of een andere korte reactie.
dq-0-square-07,route-0,square,onderweg,Geef antwoord,Kom jij met de bus?,,"Ja, ik kom … / Nee, ik kom …","Nee, ik kom met de fiets.",tegenwoordige tijd; korte antwoordzinnen,Docent of cursist leest de vraag voor en luistert. Geen verplichte tweede spreekrol. Wissel pas na het antwoord van spreker.,"Eén begrijpelijk woord, ja/nee of een korte vaste reactie beantwoordt de vraag. Geen reden verplicht.",Optioneel: beantwoord de vraag opnieuw met één ander woord of een andere korte reactie.
dq-0-square-08,route-0,square,dagelijks,Geef antwoord,Eet jij graag brood?,,"Ja, ik eet graag … / Nee, ik eet liever …","Ja, ik eet graag brood.",tegenwoordige tijd; korte antwoordzinnen,Docent of cursist leest de vraag voor en luistert. Geen verplichte tweede spreekrol. Wissel pas na het antwoord van spreker.,"Eén begrijpelijk woord, ja/nee of een korte vaste reactie beantwoordt de vraag. Geen reden verplicht.",Optioneel: beantwoord de vraag opnieuw met één ander woord of een andere korte reactie.
dq-0-square-09,route-0,square,dagelijks,Geef antwoord,Ben jij moe?,,"Ja, ik ben … / Nee, ik ben niet …","Ja, ik ben moe.",tegenwoordige tijd; korte antwoordzinnen,Docent of cursist leest de vraag voor en luistert. Geen verplichte tweede spreekrol. Wissel pas na het antwoord van spreker.,"Eén begrijpelijk woord, ja/nee of een korte vaste reactie beantwoordt de vraag. Geen reden verplicht.",Optioneel: beantwoord de vraag opnieuw met één ander woord of een andere korte reactie.
dq-0-square-10,route-0,square,kennismaken,Geef antwoord,Heb jij het koud?,,"Ja, ik heb het … / Nee, ik heb het …","Nee, ik heb het warm.",tegenwoordige tijd; korte antwoordzinnen,Docent of cursist leest de vraag voor en luistert. Geen verplichte tweede spreekrol. Wissel pas na het antwoord van spreker.,"Eén begrijpelijk woord, ja/nee of een korte vaste reactie beantwoordt de vraag. Geen reden verplicht.",Optioneel: beantwoord de vraag opnieuw met één ander woord of een andere korte reactie.
dq-0-square-11,route-0,square,in-de-les,Geef antwoord,Heb jij vandaag les?,,"Ja, ik heb … / Nee, ik heb geen …","Ja, ik heb vandaag les.",tegenwoordige tijd; korte antwoordzinnen,Docent of cursist leest de vraag voor en luistert. Geen verplichte tweede spreekrol. Wissel pas na het antwoord van spreker.,"Eén begrijpelijk woord, ja/nee of een korte vaste reactie beantwoordt de vraag. Geen reden verplicht.",Optioneel: beantwoord de vraag opnieuw met één ander woord of een andere korte reactie.
dq-0-square-12,route-0,square,dagelijks,Geef antwoord,Woon jij in een huis?,,"Ja, ik woon … / Nee, ik woon …","Nee, ik woon in een flat.",tegenwoordige tijd; korte antwoordzinnen,Docent of cursist leest de vraag voor en luistert. Geen verplichte tweede spreekrol. Wissel pas na het antwoord van spreker.,"Eén begrijpelijk woord, ja/nee of een korte vaste reactie beantwoordt de vraag. Geen reden verplicht.",Optioneel: beantwoord de vraag opnieuw met één ander woord of een andere korte reactie.
dq-0-square-13,route-0,square,dagelijks,Geef antwoord,Lees jij graag?,,"Ja, ik … / Nee, ik … niet graag.","Ja, ik lees graag.",tegenwoordige tijd; korte antwoordzinnen,Docent of cursist leest de vraag voor en luistert. Geen verplichte tweede spreekrol. Wissel pas na het antwoord van spreker.,"Eén begrijpelijk woord, ja/nee of een korte vaste reactie beantwoordt de vraag. Geen reden verplicht.",Optioneel: beantwoord de vraag opnieuw met één ander woord of een andere korte reactie.
dq-0-square-14,route-0,square,dagelijks,Geef antwoord,Kook jij vandaag?,,"Ja, ik … / Nee, ik … niet.","Ja, ik kook vandaag.",tegenwoordige tijd; korte antwoordzinnen,Docent of cursist leest de vraag voor en luistert. Geen verplichte tweede spreekrol. Wissel pas na het antwoord van spreker.,"Eén begrijpelijk woord, ja/nee of een korte vaste reactie beantwoordt de vraag. Geen reden verplicht.",Optioneel: beantwoord de vraag opnieuw met één ander woord of een andere korte reactie.
dq-0-square-15,route-0,square,dagelijks,Geef antwoord,Luister jij graag naar muziek?,,"Ja, ik luister graag … / Nee, ik …","Ja, ik luister graag naar muziek.",tegenwoordige tijd; korte antwoordzinnen,Docent of cursist leest de vraag voor en luistert. Geen verplichte tweede spreekrol. Wissel pas na het antwoord van spreker.,"Eén begrijpelijk woord, ja/nee of een korte vaste reactie beantwoordt de vraag. Geen reden verplicht.",Optioneel: beantwoord de vraag opnieuw met één ander woord of een andere korte reactie.
dq-0-triangle-01,route-0,triangle,dagelijks,Kies,Drink jij liever koffie of thee?,,Ik drink liever …,Ik drink liever thee.,ik + werkwoord; een voorkeur of keuze noemen,Docent of cursist leest de vraag voor en luistert. Geen verplichte tweede spreekrol. Wissel pas na het antwoord van spreker.,"Eén begrijpelijk woord, ja/nee of een korte vaste reactie beantwoordt de vraag. Geen reden verplicht. De keuze is duidelijk; beide opties kunnen passend zijn.",Optioneel: beantwoord de vraag opnieuw met één ander woord of een andere korte reactie.
dq-0-triangle-02,route-0,triangle,dagelijks,Kies,Eet jij liever brood of rijst?,,Ik eet liever …,Ik eet liever rijst.,ik + werkwoord; een voorkeur of keuze noemen,Docent of cursist leest de vraag voor en luistert. Geen verplichte tweede spreekrol. Wissel pas na het antwoord van spreker.,"Eén begrijpelijk woord, ja/nee of een korte vaste reactie beantwoordt de vraag. Geen reden verplicht. De keuze is duidelijk; beide opties kunnen passend zijn.",Optioneel: beantwoord de vraag opnieuw met één ander woord of een andere korte reactie.
dq-0-triangle-03,route-0,triangle,onderweg,Kies,Ga jij liever lopen of fietsen?,,Ik ga liever …,Ik ga liever fietsen.,ik + werkwoord; een voorkeur of keuze noemen,Docent of cursist leest de vraag voor en luistert. Geen verplichte tweede spreekrol. Wissel pas na het antwoord van spreker.,"Eén begrijpelijk woord, ja/nee of een korte vaste reactie beantwoordt de vraag. Geen reden verplicht. De keuze is duidelijk; beide opties kunnen passend zijn.",Optioneel: beantwoord de vraag opnieuw met één ander woord of een andere korte reactie.
dq-0-triangle-04,route-0,triangle,spullen,Kies,Welke kleur vind jij mooi: blauw of rood?,,Ik vind … mooi.,Ik vind blauw mooi.,ik + werkwoord; een voorkeur of keuze noemen,Docent of cursist leest de vraag voor en luistert. Geen verplichte tweede spreekrol. Wissel pas na het antwoord van spreker.,"Eén begrijpelijk woord, ja/nee of een korte vaste reactie beantwoordt de vraag. Geen reden verplicht. De keuze is duidelijk; beide opties kunnen passend zijn.",Optioneel: beantwoord de vraag opnieuw met één ander woord of een andere korte reactie.
dq-0-triangle-05,route-0,triangle,dagelijks,Kies,Drink jij liever water of sap?,,Ik drink liever …,Ik drink liever water.,ik + werkwoord; een voorkeur of keuze noemen,Docent of cursist leest de vraag voor en luistert. Geen verplichte tweede spreekrol. Wissel pas na het antwoord van spreker.,"Eén begrijpelijk woord, ja/nee of een korte vaste reactie beantwoordt de vraag. Geen reden verplicht. De keuze is duidelijk; beide opties kunnen passend zijn.",Optioneel: beantwoord de vraag opnieuw met één ander woord of een andere korte reactie.
dq-0-triangle-06,route-0,triangle,dagelijks,Kies,Eet jij liever een appel of een banaan?,,Ik eet liever …,Ik eet liever een banaan.,ik + werkwoord; een voorkeur of keuze noemen,Docent of cursist leest de vraag voor en luistert. Geen verplichte tweede spreekrol. Wissel pas na het antwoord van spreker.,"Eén begrijpelijk woord, ja/nee of een korte vaste reactie beantwoordt de vraag. Geen reden verplicht. De keuze is duidelijk; beide opties kunnen passend zijn.",Optioneel: beantwoord de vraag opnieuw met één ander woord of een andere korte reactie.
dq-0-triangle-07,route-0,triangle,spullen,Kies,Lees jij liever een boek of een krant?,,Ik lees liever …,Ik lees liever een boek.,ik + werkwoord; een voorkeur of keuze noemen,Docent of cursist leest de vraag voor en luistert. Geen verplichte tweede spreekrol. Wissel pas na het antwoord van spreker.,"Eén begrijpelijk woord, ja/nee of een korte vaste reactie beantwoordt de vraag. Geen reden verplicht. De keuze is duidelijk; beide opties kunnen passend zijn.",Optioneel: beantwoord de vraag opnieuw met één ander woord of een andere korte reactie.
dq-0-triangle-08,route-0,triangle,dagelijks,Kies,Kook jij liever rijst of pasta?,,Ik kook liever …,Ik kook liever pasta.,ik + werkwoord; een voorkeur of keuze noemen,Docent of cursist leest de vraag voor en luistert. Geen verplichte tweede spreekrol. Wissel pas na het antwoord van spreker.,"Eén begrijpelijk woord, ja/nee of een korte vaste reactie beantwoordt de vraag. Geen reden verplicht. De keuze is duidelijk; beide opties kunnen passend zijn.",Optioneel: beantwoord de vraag opnieuw met één ander woord of een andere korte reactie.
dq-0-triangle-09,route-0,triangle,dagelijks,Kies,Ben jij liever binnen of buiten?,,Ik ben liever …,Ik ben liever buiten.,ik + werkwoord; een voorkeur of keuze noemen,Docent of cursist leest de vraag voor en luistert. Geen verplichte tweede spreekrol. Wissel pas na het antwoord van spreker.,"Eén begrijpelijk woord, ja/nee of een korte vaste reactie beantwoordt de vraag. Geen reden verplicht. De keuze is duidelijk; beide opties kunnen passend zijn.",Optioneel: beantwoord de vraag opnieuw met één ander woord of een andere korte reactie.
dq-0-triangle-10,route-0,triangle,dagelijks,Kies,Werk jij liever 's ochtends of 's avonds?,,Ik werk liever …,Ik werk liever 's ochtends.,ik + werkwoord; een voorkeur of keuze noemen,Docent of cursist leest de vraag voor en luistert. Geen verplichte tweede spreekrol. Wissel pas na het antwoord van spreker.,"Eén begrijpelijk woord, ja/nee of een korte vaste reactie beantwoordt de vraag. Geen reden verplicht. De keuze is duidelijk; beide opties kunnen passend zijn.",Optioneel: beantwoord de vraag opnieuw met één ander woord of een andere korte reactie.
dq-0-triangle-11,route-0,triangle,onderweg,Kies,Reis jij liever met de bus of met de trein?,,Ik reis liever met …,Ik reis liever met de trein.,ik + werkwoord; een voorkeur of keuze noemen,Docent of cursist leest de vraag voor en luistert. Geen verplichte tweede spreekrol. Wissel pas na het antwoord van spreker.,"Eén begrijpelijk woord, ja/nee of een korte vaste reactie beantwoordt de vraag. Geen reden verplicht. De keuze is duidelijk; beide opties kunnen passend zijn.",Optioneel: beantwoord de vraag opnieuw met één ander woord of een andere korte reactie.
dq-0-triangle-12,route-0,triangle,spullen,Kies,Draag jij liever een trui of een vest?,,Ik draag liever …,Ik draag liever een trui.,ik + werkwoord; een voorkeur of keuze noemen,Docent of cursist leest de vraag voor en luistert. Geen verplichte tweede spreekrol. Wissel pas na het antwoord van spreker.,"Eén begrijpelijk woord, ja/nee of een korte vaste reactie beantwoordt de vraag. Geen reden verplicht. De keuze is duidelijk; beide opties kunnen passend zijn.",Optioneel: beantwoord de vraag opnieuw met één ander woord of een andere korte reactie.
dq-0-triangle-13,route-0,triangle,spullen,Kies,Schrijf jij liever met een pen of een potlood?,,Ik schrijf liever met …,Ik schrijf liever met een pen.,ik + werkwoord; een voorkeur of keuze noemen,Docent of cursist leest de vraag voor en luistert. Geen verplichte tweede spreekrol. Wissel pas na het antwoord van spreker.,"Eén begrijpelijk woord, ja/nee of een korte vaste reactie beantwoordt de vraag. Geen reden verplicht. De keuze is duidelijk; beide opties kunnen passend zijn.",Optioneel: beantwoord de vraag opnieuw met één ander woord of een andere korte reactie.
dq-0-triangle-14,route-0,triangle,dagelijks,Kies,Drink jij thee met of zonder suiker?,,Ik drink thee … suiker.,Ik drink thee zonder suiker.,ik + werkwoord; een voorkeur of keuze noemen,Docent of cursist leest de vraag voor en luistert. Geen verplichte tweede spreekrol. Wissel pas na het antwoord van spreker.,"Eén begrijpelijk woord, ja/nee of een korte vaste reactie beantwoordt de vraag. Geen reden verplicht. De keuze is duidelijk; beide opties kunnen passend zijn.",Optioneel: beantwoord de vraag opnieuw met één ander woord of een andere korte reactie.
dq-0-triangle-15,route-0,triangle,dagelijks,Kies,Eet jij brood met kaas of met jam?,,Ik eet brood met …,Ik eet brood met kaas.,ik + werkwoord; een voorkeur of keuze noemen,Docent of cursist leest de vraag voor en luistert. Geen verplichte tweede spreekrol. Wissel pas na het antwoord van spreker.,"Eén begrijpelijk woord, ja/nee of een korte vaste reactie beantwoordt de vraag. Geen reden verplicht. De keuze is duidelijk; beide opties kunnen passend zijn.",Optioneel: beantwoord de vraag opnieuw met één ander woord of een andere korte reactie.
dq-0-diamond-01,route-0,diamond,dagelijks,Reageer,Wil je koffie?,,"Ja, … / Nee, …","Ja, graag.",vaste uitdrukkingen: iets aannemen of afslaan,Docent of cursist leest de vraag voor en luistert. Geen verplichte tweede spreekrol. Wissel pas na het antwoord van spreker.,"Eén begrijpelijk woord, ja/nee of een korte vaste reactie beantwoordt de vraag. Geen reden verplicht. De reactie past bij de gegeven situatie en verzint geen tegenstrijdige feiten.",Optioneel: beantwoord de vraag opnieuw met één ander woord of een andere korte reactie.
dq-0-diamond-02,route-0,diamond,dagelijks,Reageer,Ik heet Noor. Hoe heet jij?,,Ik heet …,Ik heet Amir.,vaste uitdrukkingen: iets aannemen of afslaan,Docent of cursist leest de vraag voor en luistert. Geen verplichte tweede spreekrol. Wissel pas na het antwoord van spreker.,"Eén begrijpelijk woord, ja/nee of een korte vaste reactie beantwoordt de vraag. Geen reden verplicht. De reactie past bij de gegeven situatie en verzint geen tegenstrijdige feiten.",Optioneel: beantwoord de vraag opnieuw met één ander woord of een andere korte reactie.
dq-0-diamond-03,route-0,diamond,spullen,Reageer,Welke pen wil je lenen: blauw of zwart?,,"De … pen, graag.","De zwarte pen, graag.",vaste uitdrukkingen: iets aannemen of afslaan,Docent of cursist leest de vraag voor en luistert. Geen verplichte tweede spreekrol. Wissel pas na het antwoord van spreker.,"Eén begrijpelijk woord, ja/nee of een korte vaste reactie beantwoordt de vraag. Geen reden verplicht. De reactie past bij de gegeven situatie en verzint geen tegenstrijdige feiten.",Optioneel: beantwoord de vraag opnieuw met één ander woord of een andere korte reactie.
dq-0-diamond-04,route-0,diamond,spullen,Reageer,Je zoekt een boek. Kan ik je helpen?,,"Ja, waar is …?","Ja, waar is het lesboek?",vaste uitdrukkingen: iets aannemen of afslaan,Docent of cursist leest de vraag voor en luistert. Geen verplichte tweede spreekrol. Wissel pas na het antwoord van spreker.,"Eén begrijpelijk woord, ja/nee of een korte vaste reactie beantwoordt de vraag. Geen reden verplicht. De reactie past bij de gegeven situatie en verzint geen tegenstrijdige feiten.",Optioneel: beantwoord de vraag opnieuw met één ander woord of een andere korte reactie.
dq-0-diamond-05,route-0,diamond,winkelen,Reageer,Wil je nog een broodje?,,"Ja, … / Nee, …","Nee, dank je.",vaste uitdrukkingen: iets aannemen of afslaan,Docent of cursist leest de vraag voor en luistert. Geen verplichte tweede spreekrol. Wissel pas na het antwoord van spreker.,"Eén begrijpelijk woord, ja/nee of een korte vaste reactie beantwoordt de vraag. Geen reden verplicht. De reactie past bij de gegeven situatie en verzint geen tegenstrijdige feiten.",Optioneel: beantwoord de vraag opnieuw met één ander woord of een andere korte reactie.
dq-0-diamond-06,route-0,diamond,dagelijks,Reageer,Je thee is klaar. Wil je suiker?,,"Zonder …, graag.","Zonder suiker, graag.",vaste uitdrukkingen: iets aannemen of afslaan,Docent of cursist leest de vraag voor en luistert. Geen verplichte tweede spreekrol. Wissel pas na het antwoord van spreker.,"Eén begrijpelijk woord, ja/nee of een korte vaste reactie beantwoordt de vraag. Geen reden verplicht. De reactie past bij de gegeven situatie en verzint geen tegenstrijdige feiten.",Optioneel: beantwoord de vraag opnieuw met één ander woord of een andere korte reactie.
dq-0-diamond-07,route-0,diamond,dagelijks,Reageer,De winkel sluit. Ben je klaar?,,"Ja, ik ben … / Nog …","Ja, ik ben klaar.",vaste uitdrukkingen: iets aannemen of afslaan,Docent of cursist leest de vraag voor en luistert. Geen verplichte tweede spreekrol. Wissel pas na het antwoord van spreker.,"Eén begrijpelijk woord, ja/nee of een korte vaste reactie beantwoordt de vraag. Geen reden verplicht. De reactie past bij de gegeven situatie en verzint geen tegenstrijdige feiten.",Optioneel: beantwoord de vraag opnieuw met één ander woord of een andere korte reactie.
dq-0-diamond-08,route-0,diamond,spullen,Reageer,Wil je een tas voor je boodschappen?,,"Nee, ik heb … / Ja, …","Nee, ik heb een tas.",vaste uitdrukkingen: iets aannemen of afslaan,Docent of cursist leest de vraag voor en luistert. Geen verplichte tweede spreekrol. Wissel pas na het antwoord van spreker.,"Eén begrijpelijk woord, ja/nee of een korte vaste reactie beantwoordt de vraag. Geen reden verplicht. De reactie past bij de gegeven situatie en verzint geen tegenstrijdige feiten.",Optioneel: beantwoord de vraag opnieuw met één ander woord of een andere korte reactie.
dq-0-diamond-09,route-0,diamond,dagelijks,Reageer,Deze stoel is vrij. Wil je hier zitten?,,"Ja, … / Nee, …","Ja, dank je.",vaste uitdrukkingen: iets aannemen of afslaan,Docent of cursist leest de vraag voor en luistert. Geen verplichte tweede spreekrol. Wissel pas na het antwoord van spreker.,"Eén begrijpelijk woord, ja/nee of een korte vaste reactie beantwoordt de vraag. Geen reden verplicht. De reactie past bij de gegeven situatie en verzint geen tegenstrijdige feiten.",Optioneel: beantwoord de vraag opnieuw met één ander woord of een andere korte reactie.
dq-0-diamond-10,route-0,diamond,spullen,Reageer,Het is warm. Mag het raam open?,,"Ja, dat … / Liever …","Ja, dat mag.",vaste uitdrukkingen: iets aannemen of afslaan,Docent of cursist leest de vraag voor en luistert. Geen verplichte tweede spreekrol. Wissel pas na het antwoord van spreker.,"Eén begrijpelijk woord, ja/nee of een korte vaste reactie beantwoordt de vraag. Geen reden verplicht. De reactie past bij de gegeven situatie en verzint geen tegenstrijdige feiten.",Optioneel: beantwoord de vraag opnieuw met één ander woord of een andere korte reactie.
dq-0-diamond-11,route-0,diamond,dagelijks,Reageer,De oefening is klaar. Wil je pauze?,,"Ja, even … / Nee, …","Ja, even pauze.",vaste uitdrukkingen: iets aannemen of afslaan,Docent of cursist leest de vraag voor en luistert. Geen verplichte tweede spreekrol. Wissel pas na het antwoord van spreker.,"Eén begrijpelijk woord, ja/nee of een korte vaste reactie beantwoordt de vraag. Geen reden verplicht. De reactie past bij de gegeven situatie en verzint geen tegenstrijdige feiten.",Optioneel: beantwoord de vraag opnieuw met één ander woord of een andere korte reactie.
dq-0-diamond-12,route-0,diamond,dagelijks,Reageer,We gaan naar buiten. Ga je mee?,,"Ja, ik … / Nee, ik blijf …","Ja, ik ga mee.",vaste uitdrukkingen: iets aannemen of afslaan,Docent of cursist leest de vraag voor en luistert. Geen verplichte tweede spreekrol. Wissel pas na het antwoord van spreker.,"Eén begrijpelijk woord, ja/nee of een korte vaste reactie beantwoordt de vraag. Geen reden verplicht. De reactie past bij de gegeven situatie en verzint geen tegenstrijdige feiten.",Optioneel: beantwoord de vraag opnieuw met één ander woord of een andere korte reactie.
dq-0-diamond-13,route-0,diamond,dagelijks,Reageer,Je jas ligt hier. Is deze jas van jou?,,"Ja, die is … / Nee, die is …","Ja, die is van mij.",vaste uitdrukkingen: iets aannemen of afslaan,Docent of cursist leest de vraag voor en luistert. Geen verplichte tweede spreekrol. Wissel pas na het antwoord van spreker.,"Eén begrijpelijk woord, ja/nee of een korte vaste reactie beantwoordt de vraag. Geen reden verplicht. De reactie past bij de gegeven situatie en verzint geen tegenstrijdige feiten.",Optioneel: beantwoord de vraag opnieuw met één ander woord of een andere korte reactie.
dq-0-diamond-14,route-0,diamond,dagelijks,Reageer,"Ik ga naar huis. Tot morgen, goed?",,"Ja, tot …!","Ja, tot morgen!",vaste uitdrukkingen: iets aannemen of afslaan,Docent of cursist leest de vraag voor en luistert. Geen verplichte tweede spreekrol. Wissel pas na het antwoord van spreker.,"Eén begrijpelijk woord, ja/nee of een korte vaste reactie beantwoordt de vraag. Geen reden verplicht. De reactie past bij de gegeven situatie en verzint geen tegenstrijdige feiten.",Optioneel: beantwoord de vraag opnieuw met één ander woord of een andere korte reactie.
dq-0-diamond-15,route-0,diamond,dagelijks,Reageer,Ik hoor je niet. Wil je je naam herhalen?,,Mijn naam is …,Mijn naam is Eva.,vaste uitdrukkingen: iets aannemen of afslaan,Docent of cursist leest de vraag voor en luistert. Geen verplichte tweede spreekrol. Wissel pas na het antwoord van spreker.,"Eén begrijpelijk woord, ja/nee of een korte vaste reactie beantwoordt de vraag. Geen reden verplicht. De reactie past bij de gegeven situatie en verzint geen tegenstrijdige feiten.",Optioneel: beantwoord de vraag opnieuw met één ander woord of een andere korte reactie.
dq-1-circle-01,route-1,circle,in-de-les,Vertel kort,Hoe ga je naar de les en met wie?,,Ik ga met … Samen met …,Ik fiets met mijn buurvrouw naar de les.,tegenwoordige tijd; informatie in een korte zin,Docent of cursist leest de vraag voor en luistert. Geen verplichte tweede spreekrol. Wissel pas na het antwoord van spreker.,"Een korte zin geeft de gevraagde informatie. Als twee gegevens worden gevraagd, zijn beide herkenbaar.",Optioneel: verander één gegeven in je antwoord. De luisteraar noemt wat anders is.
dq-1-circle-02,route-1,circle,dagelijks,Vertel kort,Hoe laat sta je op en wat doe je dan?,,Ik sta om … op. Dan …,Ik sta om zeven uur op. Dan ontbijt ik.,tegenwoordige tijd; informatie in een korte zin,Docent of cursist leest de vraag voor en luistert. Geen verplichte tweede spreekrol. Wissel pas na het antwoord van spreker.,"Een korte zin geeft de gevraagde informatie. Als twee gegevens worden gevraagd, zijn beide herkenbaar.",Optioneel: verander één gegeven in je antwoord. De luisteraar noemt wat anders is.
dq-1-circle-03,route-1,circle,dagelijks,Vertel kort,Wat eet en drink je bij het ontbijt?,,Ik eet … en drink …,Ik eet brood en drink thee.,tegenwoordige tijd; informatie in een korte zin,Docent of cursist leest de vraag voor en luistert. Geen verplichte tweede spreekrol. Wissel pas na het antwoord van spreker.,"Een korte zin geeft de gevraagde informatie. Als twee gegevens worden gevraagd, zijn beide herkenbaar.",Optioneel: verander één gegeven in je antwoord. De luisteraar noemt wat anders is.
dq-1-circle-04,route-1,circle,in-de-les,Vertel kort,Waar ga je na de les heen en hoe?,,Ik ga met … naar …,Ik ga met de bus naar huis.,tegenwoordige tijd; informatie in een korte zin,Docent of cursist leest de vraag voor en luistert. Geen verplichte tweede spreekrol. Wissel pas na het antwoord van spreker.,"Een korte zin geeft de gevraagde informatie. Als twee gegevens worden gevraagd, zijn beide herkenbaar.",Optioneel: verander één gegeven in je antwoord. De luisteraar noemt wat anders is.
dq-1-circle-05,route-1,circle,spullen,Vertel kort,Waar doe je boodschappen en op welke dag?,,Ik ga op … naar …,Ik ga op zaterdag naar de markt.,tegenwoordige tijd; informatie in een korte zin,Docent of cursist leest de vraag voor en luistert. Geen verplichte tweede spreekrol. Wissel pas na het antwoord van spreker.,"Een korte zin geeft de gevraagde informatie. Als twee gegevens worden gevraagd, zijn beide herkenbaar.",Optioneel: verander één gegeven in je antwoord. De luisteraar noemt wat anders is.
dq-1-circle-06,route-1,circle,kennismaken,Vertel kort,Wie woont er in je oefenhuis: alleen jij of meer mensen?,,Ik woon …,Ik woon met twee vrienden.,tegenwoordige tijd; informatie in een korte zin,Docent of cursist leest de vraag voor en luistert. Geen verplichte tweede spreekrol. Wissel pas na het antwoord van spreker.,"Een korte zin geeft de gevraagde informatie. Als twee gegevens worden gevraagd, zijn beide herkenbaar.",Optioneel: verander één gegeven in je antwoord. De luisteraar noemt wat anders is.
dq-1-circle-07,route-1,circle,dagelijks,Vertel kort,Welke sport doe je en hoe vaak?,,Ik … één keer per …,Ik zwem één keer per week.,tegenwoordige tijd; informatie in een korte zin,Docent of cursist leest de vraag voor en luistert. Geen verplichte tweede spreekrol. Wissel pas na het antwoord van spreker.,"Een korte zin geeft de gevraagde informatie. Als twee gegevens worden gevraagd, zijn beide herkenbaar.",Optioneel: verander één gegeven in je antwoord. De luisteraar noemt wat anders is.
dq-1-circle-08,route-1,circle,dagelijks,Vertel kort,Waar wandel je in het weekend en met wie?,,Ik wandel met … in …,Ik wandel met mijn zus in het park.,tegenwoordige tijd; informatie in een korte zin,Docent of cursist leest de vraag voor en luistert. Geen verplichte tweede spreekrol. Wissel pas na het antwoord van spreker.,"Een korte zin geeft de gevraagde informatie. Als twee gegevens worden gevraagd, zijn beide herkenbaar.",Optioneel: verander één gegeven in je antwoord. De luisteraar noemt wat anders is.
dq-1-circle-09,route-1,circle,in-de-les,Vertel kort,Welke twee dingen neem je mee naar de les?,,Ik neem … en … mee.,Ik neem een boek en een pen mee.,tegenwoordige tijd; informatie in een korte zin,Docent of cursist leest de vraag voor en luistert. Geen verplichte tweede spreekrol. Wissel pas na het antwoord van spreker.,"Een korte zin geeft de gevraagde informatie. Als twee gegevens worden gevraagd, zijn beide herkenbaar.",Optioneel: verander één gegeven in je antwoord. De luisteraar noemt wat anders is.
dq-1-circle-10,route-1,circle,in-de-les,Vertel kort,Hoe laat begint je les en wanneer is de pauze?,,De les begint om … De pauze is om …,De les begint om negen uur. De pauze is om tien uur.,tegenwoordige tijd; informatie in een korte zin,Docent of cursist leest de vraag voor en luistert. Geen verplichte tweede spreekrol. Wissel pas na het antwoord van spreker.,"Een korte zin geeft de gevraagde informatie. Als twee gegevens worden gevraagd, zijn beide herkenbaar.",Optioneel: verander één gegeven in je antwoord. De luisteraar noemt wat anders is.
dq-1-circle-11,route-1,circle,spullen,Vertel kort,Waar ligt je telefoon en staat het geluid aan?,,Mijn telefoon ligt … Het geluid staat …,Mijn telefoon ligt in mijn tas. Het geluid staat uit.,tegenwoordige tijd; informatie in een korte zin,Docent of cursist leest de vraag voor en luistert. Geen verplichte tweede spreekrol. Wissel pas na het antwoord van spreker.,"Een korte zin geeft de gevraagde informatie. Als twee gegevens worden gevraagd, zijn beide herkenbaar.",Optioneel: verander één gegeven in je antwoord. De luisteraar noemt wat anders is.
dq-1-circle-12,route-1,circle,dagelijks,Vertel kort,Wat doe je graag thuis en wanneer?,,Ik … graag in de …,Ik lees graag in de avond.,tegenwoordige tijd; informatie in een korte zin,Docent of cursist leest de vraag voor en luistert. Geen verplichte tweede spreekrol. Wissel pas na het antwoord van spreker.,"Een korte zin geeft de gevraagde informatie. Als twee gegevens worden gevraagd, zijn beide herkenbaar.",Optioneel: verander één gegeven in je antwoord. De luisteraar noemt wat anders is.
dq-1-circle-13,route-1,circle,dagelijks,Vertel kort,Wanneer bel je een vriend en hoe lang?,,Ik bel op … ongeveer … minuten.,Ik bel zondag ongeveer tien minuten.,tegenwoordige tijd; informatie in een korte zin,Docent of cursist leest de vraag voor en luistert. Geen verplichte tweede spreekrol. Wissel pas na het antwoord van spreker.,"Een korte zin geeft de gevraagde informatie. Als twee gegevens worden gevraagd, zijn beide herkenbaar.",Optioneel: verander één gegeven in je antwoord. De luisteraar noemt wat anders is.
dq-1-circle-14,route-1,circle,dagelijks,Vertel kort,Wat voor weer is het en wat draag je?,,Het … Ik draag …,Het regent. Ik draag een regenjas.,tegenwoordige tijd; informatie in een korte zin,Docent of cursist leest de vraag voor en luistert. Geen verplichte tweede spreekrol. Wissel pas na het antwoord van spreker.,"Een korte zin geeft de gevraagde informatie. Als twee gegevens worden gevraagd, zijn beide herkenbaar.",Optioneel: verander één gegeven in je antwoord. De luisteraar noemt wat anders is.
dq-1-circle-15,route-1,circle,kennismaken,Vertel kort,"Wat draag je als het koud is, buiten en binnen?",,Buiten draag ik … Binnen draag ik …,Buiten draag ik een jas. Binnen draag ik een trui.,tegenwoordige tijd; informatie in een korte zin,Docent of cursist leest de vraag voor en luistert. Geen verplichte tweede spreekrol. Wissel pas na het antwoord van spreker.,"Een korte zin geeft de gevraagde informatie. Als twee gegevens worden gevraagd, zijn beide herkenbaar.",Optioneel: verander één gegeven in je antwoord. De luisteraar noemt wat anders is.
dq-1-square-01,route-1,square,dagelijks,Geef antwoord,Ga jij elke dag naar buiten?,,"Ja, ik … / Nee, ik …","Ja, ik maak elke dag een wandeling.",tegenwoordige tijd; informatie in een korte zin,Docent of cursist leest de vraag voor en luistert. Geen verplichte tweede spreekrol. Wissel pas na het antwoord van spreker.,"Een korte zin geeft de gevraagde informatie. Als twee gegevens worden gevraagd, zijn beide herkenbaar.",Optioneel: verander één gegeven in je antwoord. De luisteraar noemt wat anders is.
dq-1-square-02,route-1,square,dagelijks,Geef antwoord,Kun jij zwemmen?,,"Ja, ik kan … / Nee, ik kan niet …","Ja, ik kan zwemmen.",tegenwoordige tijd; informatie in een korte zin,Docent of cursist leest de vraag voor en luistert. Geen verplichte tweede spreekrol. Wissel pas na het antwoord van spreker.,"Een korte zin geeft de gevraagde informatie. Als twee gegevens worden gevraagd, zijn beide herkenbaar.",Optioneel: verander één gegeven in je antwoord. De luisteraar noemt wat anders is.
dq-1-square-03,route-1,square,dagelijks,Geef antwoord,Heb jij een supermarkt in de buurt?,,"Ja, er is … / Nee, er is geen …","Ja, er is een supermarkt in mijn straat.",tegenwoordige tijd; informatie in een korte zin,Docent of cursist leest de vraag voor en luistert. Geen verplichte tweede spreekrol. Wissel pas na het antwoord van spreker.,"Een korte zin geeft de gevraagde informatie. Als twee gegevens worden gevraagd, zijn beide herkenbaar.",Optioneel: verander één gegeven in je antwoord. De luisteraar noemt wat anders is.
dq-1-square-04,route-1,square,dagelijks,Geef antwoord,Werk jij op zaterdag?,,"Ja, ik … / Nee, ik …","Nee, ik ben op zaterdag vrij.",tegenwoordige tijd; informatie in een korte zin,Docent of cursist leest de vraag voor en luistert. Geen verplichte tweede spreekrol. Wissel pas na het antwoord van spreker.,"Een korte zin geeft de gevraagde informatie. Als twee gegevens worden gevraagd, zijn beide herkenbaar.",Optioneel: verander één gegeven in je antwoord. De luisteraar noemt wat anders is.
dq-1-square-05,route-1,square,dagelijks,Geef antwoord,Maak jij thuis je huiswerk?,,"Ja, ik maak … / Nee, ik …","Ja, ik maak mijn huiswerk aan tafel.",tegenwoordige tijd; informatie in een korte zin,Docent of cursist leest de vraag voor en luistert. Geen verplichte tweede spreekrol. Wissel pas na het antwoord van spreker.,"Een korte zin geeft de gevraagde informatie. Als twee gegevens worden gevraagd, zijn beide herkenbaar.",Optioneel: verander één gegeven in je antwoord. De luisteraar noemt wat anders is.
dq-1-square-06,route-1,square,dagelijks,Geef antwoord,Eet jij elke dag fruit?,,"Ja, ik eet … / Nee, ik …","Ja, ik eet elke dag een appel.",tegenwoordige tijd; informatie in een korte zin,Docent of cursist leest de vraag voor en luistert. Geen verplichte tweede spreekrol. Wissel pas na het antwoord van spreker.,"Een korte zin geeft de gevraagde informatie. Als twee gegevens worden gevraagd, zijn beide herkenbaar.",Optioneel: verander één gegeven in je antwoord. De luisteraar noemt wat anders is.
dq-1-square-07,route-1,square,onderweg,Geef antwoord,Gebruik jij je telefoon in de trein?,,"Ja, ik … / Nee, ik …","Ja, ik lees berichten in de trein.",tegenwoordige tijd; informatie in een korte zin,Docent of cursist leest de vraag voor en luistert. Geen verplichte tweede spreekrol. Wissel pas na het antwoord van spreker.,"Een korte zin geeft de gevraagde informatie. Als twee gegevens worden gevraagd, zijn beide herkenbaar.",Optioneel: verander één gegeven in je antwoord. De luisteraar noemt wat anders is.
dq-1-square-08,route-1,square,dagelijks,Geef antwoord,Heb jij vandaag tijd om te koken?,,"Ja, ik … / Nee, ik …","Ja, ik kook vanavond soep.",tegenwoordige tijd; informatie in een korte zin,Docent of cursist leest de vraag voor en luistert. Geen verplichte tweede spreekrol. Wissel pas na het antwoord van spreker.,"Een korte zin geeft de gevraagde informatie. Als twee gegevens worden gevraagd, zijn beide herkenbaar.",Optioneel: verander één gegeven in je antwoord. De luisteraar noemt wat anders is.
dq-1-square-09,route-1,square,dagelijks,Geef antwoord,Kun jij om negen uur komen?,,"Ja, ik kan … / Nee, ik kan …","Nee, ik kan om tien uur komen.",tegenwoordige tijd; informatie in een korte zin,Docent of cursist leest de vraag voor en luistert. Geen verplichte tweede spreekrol. Wissel pas na het antwoord van spreker.,"Een korte zin geeft de gevraagde informatie. Als twee gegevens worden gevraagd, zijn beide herkenbaar.",Optioneel: verander één gegeven in je antwoord. De luisteraar noemt wat anders is.
dq-1-square-10,route-1,square,dagelijks,Geef antwoord,Ligt jouw huis dicht bij de school?,,"Ja, ik … / Nee, ik …","Ja, ik loop in tien minuten naar school.",tegenwoordige tijd; informatie in een korte zin,Docent of cursist leest de vraag voor en luistert. Geen verplichte tweede spreekrol. Wissel pas na het antwoord van spreker.,"Een korte zin geeft de gevraagde informatie. Als twee gegevens worden gevraagd, zijn beide herkenbaar.",Optioneel: verander één gegeven in je antwoord. De luisteraar noemt wat anders is.
dq-1-square-11,route-1,square,winkelen,Geef antwoord,Koop jij weleens eten op de markt?,,"Ja, ik koop … / Nee, ik …","Ja, ik koop er groenten.",tegenwoordige tijd; informatie in een korte zin,Docent of cursist leest de vraag voor en luistert. Geen verplichte tweede spreekrol. Wissel pas na het antwoord van spreker.,"Een korte zin geeft de gevraagde informatie. Als twee gegevens worden gevraagd, zijn beide herkenbaar.",Optioneel: verander één gegeven in je antwoord. De luisteraar noemt wat anders is.
dq-1-square-12,route-1,square,winkelen,Geef antwoord,Neem jij een tas mee naar de winkel?,,"Ja, ik neem … / Nee, ik …","Ja, ik neem altijd mijn eigen tas mee.",tegenwoordige tijd; informatie in een korte zin,Docent of cursist leest de vraag voor en luistert. Geen verplichte tweede spreekrol. Wissel pas na het antwoord van spreker.,"Een korte zin geeft de gevraagde informatie. Als twee gegevens worden gevraagd, zijn beide herkenbaar.",Optioneel: verander één gegeven in je antwoord. De luisteraar noemt wat anders is.
dq-1-square-13,route-1,square,in-de-les,Geef antwoord,Leer jij thuis nieuwe woorden?,,"Ja, ik oefen … / Nee, ik …","Ja, ik oefen elke avond tien woorden.",tegenwoordige tijd; informatie in een korte zin,Docent of cursist leest de vraag voor en luistert. Geen verplichte tweede spreekrol. Wissel pas na het antwoord van spreker.,"Een korte zin geeft de gevraagde informatie. Als twee gegevens worden gevraagd, zijn beide herkenbaar.",Optioneel: verander één gegeven in je antwoord. De luisteraar noemt wat anders is.
dq-1-square-14,route-1,square,spullen,Geef antwoord,Drink jij koffie voor het slapen?,,"Ja, ik drink … / Nee, ik drink …","Nee, ik drink dan water.",tegenwoordige tijd; informatie in een korte zin,Docent of cursist leest de vraag voor en luistert. Geen verplichte tweede spreekrol. Wissel pas na het antwoord van spreker.,"Een korte zin geeft de gevraagde informatie. Als twee gegevens worden gevraagd, zijn beide herkenbaar.",Optioneel: verander één gegeven in je antwoord. De luisteraar noemt wat anders is.
dq-1-square-15,route-1,square,dagelijks,Geef antwoord,Heb jij morgen een afspraak?,,"Ja, ik heb … / Nee, ik heb geen …","Ja, ik heb morgen een afspraak bij de tandarts.",tegenwoordige tijd; informatie in een korte zin,Docent of cursist leest de vraag voor en luistert. Geen verplichte tweede spreekrol. Wissel pas na het antwoord van spreker.,"Een korte zin geeft de gevraagde informatie. Als twee gegevens worden gevraagd, zijn beide herkenbaar.",Optioneel: verander één gegeven in je antwoord. De luisteraar noemt wat anders is.
dq-1-triangle-01,route-1,triangle,dagelijks,Kies,"Eet je liever thuis of in een restaurant, en met wie?",,Ik eet liever … met …,Ik eet liever thuis met mijn vrienden.,ik + werkwoord; een voorkeur noemen,Docent of cursist leest de vraag voor en luistert. Geen verplichte tweede spreekrol. Wissel pas na het antwoord van spreker.,"Een korte zin geeft de gevraagde informatie. Als twee gegevens worden gevraagd, zijn beide herkenbaar. De keuze is duidelijk; beide opties kunnen passend zijn.",Optioneel: verander één gegeven in je antwoord. De luisteraar noemt wat anders is.
dq-1-triangle-02,route-1,triangle,winkelen,Kies,Winkel jij liever op de markt of in de supermarkt?,,Ik winkel liever …,Ik winkel liever op de markt.,ik + werkwoord; een voorkeur noemen,Docent of cursist leest de vraag voor en luistert. Geen verplichte tweede spreekrol. Wissel pas na het antwoord van spreker.,"Een korte zin geeft de gevraagde informatie. Als twee gegevens worden gevraagd, zijn beide herkenbaar. De keuze is duidelijk; beide opties kunnen passend zijn.",Optioneel: verander één gegeven in je antwoord. De luisteraar noemt wat anders is.
dq-1-triangle-03,route-1,triangle,in-de-les,Kies,Leer jij liever alleen of samen?,,Ik leer liever …,Ik leer liever samen met een klasgenoot.,ik + werkwoord; een voorkeur noemen,Docent of cursist leest de vraag voor en luistert. Geen verplichte tweede spreekrol. Wissel pas na het antwoord van spreker.,"Een korte zin geeft de gevraagde informatie. Als twee gegevens worden gevraagd, zijn beide herkenbaar. De keuze is duidelijk; beide opties kunnen passend zijn.",Optioneel: verander één gegeven in je antwoord. De luisteraar noemt wat anders is.
dq-1-triangle-04,route-1,triangle,dagelijks,Kies,"Sport je liever binnen of buiten, en wanneer?",,Ik sport liever … op …,Ik sport liever buiten op zondag.,ik + werkwoord; een voorkeur noemen,Docent of cursist leest de vraag voor en luistert. Geen verplichte tweede spreekrol. Wissel pas na het antwoord van spreker.,"Een korte zin geeft de gevraagde informatie. Als twee gegevens worden gevraagd, zijn beide herkenbaar. De keuze is duidelijk; beide opties kunnen passend zijn.",Optioneel: verander één gegeven in je antwoord. De luisteraar noemt wat anders is.
dq-1-triangle-05,route-1,triangle,dagelijks,Kies,"Kijk je liever een film of een serie, en met wie?",,Ik kijk liever … met …,Ik kijk liever een film met mijn partner.,ik + werkwoord; een voorkeur noemen,Docent of cursist leest de vraag voor en luistert. Geen verplichte tweede spreekrol. Wissel pas na het antwoord van spreker.,"Een korte zin geeft de gevraagde informatie. Als twee gegevens worden gevraagd, zijn beide herkenbaar. De keuze is duidelijk; beide opties kunnen passend zijn.",Optioneel: verander één gegeven in je antwoord. De luisteraar noemt wat anders is.
dq-1-triangle-06,route-1,triangle,dagelijks,Kies,Ga jij liever vroeg of laat naar bed?,,Ik ga liever … naar bed.,Ik ga liever vroeg naar bed.,ik + werkwoord; een voorkeur noemen,Docent of cursist leest de vraag voor en luistert. Geen verplichte tweede spreekrol. Wissel pas na het antwoord van spreker.,"Een korte zin geeft de gevraagde informatie. Als twee gegevens worden gevraagd, zijn beide herkenbaar. De keuze is duidelijk; beide opties kunnen passend zijn.",Optioneel: verander één gegeven in je antwoord. De luisteraar noemt wat anders is.
dq-1-triangle-07,route-1,triangle,winkelen,Kies,Kook jij liever zelf of bestel jij eten?,,Ik … liever …,Ik kook liever zelf.,ik + werkwoord; een voorkeur noemen,Docent of cursist leest de vraag voor en luistert. Geen verplichte tweede spreekrol. Wissel pas na het antwoord van spreker.,"Een korte zin geeft de gevraagde informatie. Als twee gegevens worden gevraagd, zijn beide herkenbaar. De keuze is duidelijk; beide opties kunnen passend zijn.",Optioneel: verander één gegeven in je antwoord. De luisteraar noemt wat anders is.
dq-1-triangle-08,route-1,triangle,onderweg,Kies,Reis jij liever met de fiets of met de bus?,,Ik reis liever met …,Ik reis liever met de fiets.,ik + werkwoord; een voorkeur noemen,Docent of cursist leest de vraag voor en luistert. Geen verplichte tweede spreekrol. Wissel pas na het antwoord van spreker.,"Een korte zin geeft de gevraagde informatie. Als twee gegevens worden gevraagd, zijn beide herkenbaar. De keuze is duidelijk; beide opties kunnen passend zijn.",Optioneel: verander één gegeven in je antwoord. De luisteraar noemt wat anders is.
dq-1-triangle-09,route-1,triangle,dagelijks,Kies,Drink jij bij het ontbijt liever thee of koffie?,,Ik drink … liever …,Ik drink bij het ontbijt liever thee.,ik + werkwoord; een voorkeur noemen,Docent of cursist leest de vraag voor en luistert. Geen verplichte tweede spreekrol. Wissel pas na het antwoord van spreker.,"Een korte zin geeft de gevraagde informatie. Als twee gegevens worden gevraagd, zijn beide herkenbaar. De keuze is duidelijk; beide opties kunnen passend zijn.",Optioneel: verander één gegeven in je antwoord. De luisteraar noemt wat anders is.
dq-1-triangle-10,route-1,triangle,spullen,Kies,Lees jij nieuws liever op papier of op je telefoon?,,Ik lees nieuws liever …,Ik lees nieuws liever op mijn telefoon.,ik + werkwoord; een voorkeur noemen,Docent of cursist leest de vraag voor en luistert. Geen verplichte tweede spreekrol. Wissel pas na het antwoord van spreker.,"Een korte zin geeft de gevraagde informatie. Als twee gegevens worden gevraagd, zijn beide herkenbaar. De keuze is duidelijk; beide opties kunnen passend zijn.",Optioneel: verander één gegeven in je antwoord. De luisteraar noemt wat anders is.
dq-1-triangle-11,route-1,triangle,dagelijks,Kies,Woon jij liever in een rustige of een drukke straat?,,Ik woon liever in …,Ik woon liever in een rustige straat.,ik + werkwoord; een voorkeur noemen,Docent of cursist leest de vraag voor en luistert. Geen verplichte tweede spreekrol. Wissel pas na het antwoord van spreker.,"Een korte zin geeft de gevraagde informatie. Als twee gegevens worden gevraagd, zijn beide herkenbaar. De keuze is duidelijk; beide opties kunnen passend zijn.",Optioneel: verander één gegeven in je antwoord. De luisteraar noemt wat anders is.
dq-1-triangle-12,route-1,triangle,dagelijks,Kies,Ga jij liever naar het park of naar het strand?,,Ik ga liever naar …,Ik ga liever naar het strand.,ik + werkwoord; een voorkeur noemen,Docent of cursist leest de vraag voor en luistert. Geen verplichte tweede spreekrol. Wissel pas na het antwoord van spreker.,"Een korte zin geeft de gevraagde informatie. Als twee gegevens worden gevraagd, zijn beide herkenbaar. De keuze is duidelijk; beide opties kunnen passend zijn.",Optioneel: verander één gegeven in je antwoord. De luisteraar noemt wat anders is.
dq-1-triangle-13,route-1,triangle,dagelijks,Kies,Betaal jij liever contant of met je pinpas?,,Ik betaal liever …,Ik betaal liever met mijn pinpas.,ik + werkwoord; een voorkeur noemen,Docent of cursist leest de vraag voor en luistert. Geen verplichte tweede spreekrol. Wissel pas na het antwoord van spreker.,"Een korte zin geeft de gevraagde informatie. Als twee gegevens worden gevraagd, zijn beide herkenbaar. De keuze is duidelijk; beide opties kunnen passend zijn.",Optioneel: verander één gegeven in je antwoord. De luisteraar noemt wat anders is.
dq-1-triangle-14,route-1,triangle,dagelijks,Kies,Plan jij een afspraak liever op maandag of op vrijdag?,,Ik plan … liever op …,Ik plan een afspraak liever op vrijdag.,ik + werkwoord; een voorkeur noemen,Docent of cursist leest de vraag voor en luistert. Geen verplichte tweede spreekrol. Wissel pas na het antwoord van spreker.,"Een korte zin geeft de gevraagde informatie. Als twee gegevens worden gevraagd, zijn beide herkenbaar. De keuze is duidelijk; beide opties kunnen passend zijn.",Optioneel: verander één gegeven in je antwoord. De luisteraar noemt wat anders is.
dq-1-triangle-15,route-1,triangle,in-de-les,Kies,Oefen jij woorden liever in de ochtend of in de avond?,,Ik oefen … liever …,Ik oefen woorden liever in de avond.,ik + werkwoord; een voorkeur noemen,Docent of cursist leest de vraag voor en luistert. Geen verplichte tweede spreekrol. Wissel pas na het antwoord van spreker.,"Een korte zin geeft de gevraagde informatie. Als twee gegevens worden gevraagd, zijn beide herkenbaar. De keuze is duidelijk; beide opties kunnen passend zijn.",Optioneel: verander één gegeven in je antwoord. De luisteraar noemt wat anders is.
dq-1-diamond-01,route-1,diamond,winkelen,Reageer,Wat wil je bestellen?,,Ik wil graag …,Ik wil graag een kop thee.,tegenwoordige tijd; informatie in een korte zin,Docent of cursist leest de vraag voor en luistert. Geen verplichte tweede spreekrol. Wissel pas na het antwoord van spreker.,"Een korte zin geeft de gevraagde informatie. Als twee gegevens worden gevraagd, zijn beide herkenbaar. De reactie past bij de gegeven situatie en verzint geen tegenstrijdige feiten.",Optioneel: verander één gegeven in je antwoord. De luisteraar noemt wat anders is.
dq-1-diamond-02,route-1,diamond,dagelijks,Reageer,Wil je hier eten of meenemen?,,Ik wil …,Ik wil het graag meenemen.,tegenwoordige tijd; informatie in een korte zin,Docent of cursist leest de vraag voor en luistert. Geen verplichte tweede spreekrol. Wissel pas na het antwoord van spreker.,"Een korte zin geeft de gevraagde informatie. Als twee gegevens worden gevraagd, zijn beide herkenbaar. De reactie past bij de gegeven situatie en verzint geen tegenstrijdige feiten.",Optioneel: verander één gegeven in je antwoord. De luisteraar noemt wat anders is.
dq-1-diamond-03,route-1,diamond,winkelen,Reageer,Hoeveel broodjes wil je?,,Ik wil graag …,Ik wil graag twee broodjes.,tegenwoordige tijd; informatie in een korte zin,Docent of cursist leest de vraag voor en luistert. Geen verplichte tweede spreekrol. Wissel pas na het antwoord van spreker.,"Een korte zin geeft de gevraagde informatie. Als twee gegevens worden gevraagd, zijn beide herkenbaar. De reactie past bij de gegeven situatie en verzint geen tegenstrijdige feiten.",Optioneel: verander één gegeven in je antwoord. De luisteraar noemt wat anders is.
dq-1-diamond-04,route-1,diamond,winkelen,Reageer,Wil je een bonnetje?,,"Ja, graag. / Nee, …","Ja, graag. Ik bewaar mijn bonnetjes.",tegenwoordige tijd; informatie in een korte zin,Docent of cursist leest de vraag voor en luistert. Geen verplichte tweede spreekrol. Wissel pas na het antwoord van spreker.,"Een korte zin geeft de gevraagde informatie. Als twee gegevens worden gevraagd, zijn beide herkenbaar. De reactie past bij de gegeven situatie en verzint geen tegenstrijdige feiten.",Optioneel: verander één gegeven in je antwoord. De luisteraar noemt wat anders is.
dq-1-diamond-05,route-1,diamond,winkelen,Reageer,Welke maat zoek je?,,Ik zoek maat …,Ik zoek maat M.,tegenwoordige tijd; informatie in een korte zin,Docent of cursist leest de vraag voor en luistert. Geen verplichte tweede spreekrol. Wissel pas na het antwoord van spreker.,"Een korte zin geeft de gevraagde informatie. Als twee gegevens worden gevraagd, zijn beide herkenbaar. De reactie past bij de gegeven situatie en verzint geen tegenstrijdige feiten.",Optioneel: verander één gegeven in je antwoord. De luisteraar noemt wat anders is.
dq-1-diamond-06,route-1,diamond,spullen,Reageer,Je kiest een trui. Welke kleur wil je?,,Ik wil graag een … trui.,Ik wil graag een blauwe trui.,tegenwoordige tijd; informatie in een korte zin,Docent of cursist leest de vraag voor en luistert. Geen verplichte tweede spreekrol. Wissel pas na het antwoord van spreker.,"Een korte zin geeft de gevraagde informatie. Als twee gegevens worden gevraagd, zijn beide herkenbaar. De reactie past bij de gegeven situatie en verzint geen tegenstrijdige feiten.",Optioneel: verander één gegeven in je antwoord. De luisteraar noemt wat anders is.
dq-1-diamond-07,route-1,diamond,dagelijks,Reageer,Wanneer kun je langskomen?,,Ik kan … langskomen.,Ik kan morgen om tien uur langskomen.,tegenwoordige tijd; informatie in een korte zin,Docent of cursist leest de vraag voor en luistert. Geen verplichte tweede spreekrol. Wissel pas na het antwoord van spreker.,"Een korte zin geeft de gevraagde informatie. Als twee gegevens worden gevraagd, zijn beide herkenbaar. De reactie past bij de gegeven situatie en verzint geen tegenstrijdige feiten.",Optioneel: verander één gegeven in je antwoord. De luisteraar noemt wat anders is.
dq-1-diamond-08,route-1,diamond,dagelijks,Reageer,Hoe laat wil je afspreken?,,Ik wil graag om …,Ik wil graag om twee uur afspreken.,tegenwoordige tijd; informatie in een korte zin,Docent of cursist leest de vraag voor en luistert. Geen verplichte tweede spreekrol. Wissel pas na het antwoord van spreker.,"Een korte zin geeft de gevraagde informatie. Als twee gegevens worden gevraagd, zijn beide herkenbaar. De reactie past bij de gegeven situatie en verzint geen tegenstrijdige feiten.",Optioneel: verander één gegeven in je antwoord. De luisteraar noemt wat anders is.
dq-1-diamond-09,route-1,diamond,dagelijks,Reageer,Waar wil je afspreken?,,Ik wil graag bij …,Ik wil graag bij het station afspreken.,tegenwoordige tijd; informatie in een korte zin,Docent of cursist leest de vraag voor en luistert. Geen verplichte tweede spreekrol. Wissel pas na het antwoord van spreker.,"Een korte zin geeft de gevraagde informatie. Als twee gegevens worden gevraagd, zijn beide herkenbaar. De reactie past bij de gegeven situatie en verzint geen tegenstrijdige feiten.",Optioneel: verander één gegeven in je antwoord. De luisteraar noemt wat anders is.
dq-1-diamond-10,route-1,diamond,in-de-les,Reageer,Wat heb je nodig voor de les?,,Ik heb … nodig.,Ik heb een pen en een schrift nodig.,tegenwoordige tijd; informatie in een korte zin,Docent of cursist leest de vraag voor en luistert. Geen verplichte tweede spreekrol. Wissel pas na het antwoord van spreker.,"Een korte zin geeft de gevraagde informatie. Als twee gegevens worden gevraagd, zijn beide herkenbaar. De reactie past bij de gegeven situatie en verzint geen tegenstrijdige feiten.",Optioneel: verander één gegeven in je antwoord. De luisteraar noemt wat anders is.
dq-1-diamond-11,route-1,diamond,dagelijks,Reageer,Zal ik wat langzamer praten?,,"Ja, graag. / Nee, …","Ja, graag. Dat helpt mij.",tegenwoordige tijd; informatie in een korte zin,Docent of cursist leest de vraag voor en luistert. Geen verplichte tweede spreekrol. Wissel pas na het antwoord van spreker.,"Een korte zin geeft de gevraagde informatie. Als twee gegevens worden gevraagd, zijn beide herkenbaar. De reactie past bij de gegeven situatie en verzint geen tegenstrijdige feiten.",Optioneel: verander één gegeven in je antwoord. De luisteraar noemt wat anders is.
dq-1-diamond-12,route-1,diamond,dagelijks,Reageer,Welke pagina zoek je?,,Ik zoek pagina …,Ik zoek pagina twaalf.,tegenwoordige tijd; informatie in een korte zin,Docent of cursist leest de vraag voor en luistert. Geen verplichte tweede spreekrol. Wissel pas na het antwoord van spreker.,"Een korte zin geeft de gevraagde informatie. Als twee gegevens worden gevraagd, zijn beide herkenbaar. De reactie past bij de gegeven situatie en verzint geen tegenstrijdige feiten.",Optioneel: verander één gegeven in je antwoord. De luisteraar noemt wat anders is.
dq-1-diamond-13,route-1,diamond,dagelijks,Reageer,Wil je dat ik het herhaal?,,"Ja, graag. / Nee, …","Ja, graag. Ik hoor het niet goed.",tegenwoordige tijd; informatie in een korte zin,Docent of cursist leest de vraag voor en luistert. Geen verplichte tweede spreekrol. Wissel pas na het antwoord van spreker.,"Een korte zin geeft de gevraagde informatie. Als twee gegevens worden gevraagd, zijn beide herkenbaar. De reactie past bij de gegeven situatie en verzint geen tegenstrijdige feiten.",Optioneel: verander één gegeven in je antwoord. De luisteraar noemt wat anders is.
dq-1-diamond-14,route-1,diamond,spullen,Reageer,Waar kan ik jouw tas neerzetten?,,Je kunt mijn tas … zetten.,Je kunt mijn tas naast de stoel zetten.,tegenwoordige tijd; informatie in een korte zin,Docent of cursist leest de vraag voor en luistert. Geen verplichte tweede spreekrol. Wissel pas na het antwoord van spreker.,"Een korte zin geeft de gevraagde informatie. Als twee gegevens worden gevraagd, zijn beide herkenbaar. De reactie past bij de gegeven situatie en verzint geen tegenstrijdige feiten.",Optioneel: verander één gegeven in je antwoord. De luisteraar noemt wat anders is.
dq-1-diamond-15,route-1,diamond,dagelijks,Reageer,Wil je eerst lezen of meteen beginnen?,,Ik wil eerst …,Ik wil eerst even lezen.,tegenwoordige tijd; informatie in een korte zin,Docent of cursist leest de vraag voor en luistert. Geen verplichte tweede spreekrol. Wissel pas na het antwoord van spreker.,"Een korte zin geeft de gevraagde informatie. Als twee gegevens worden gevraagd, zijn beide herkenbaar. De reactie past bij de gegeven situatie en verzint geen tegenstrijdige feiten.",Optioneel: verander één gegeven in je antwoord. De luisteraar noemt wat anders is.
dq-2-circle-01,route-2,circle,dagelijks,Vertel kort,Wat heb jij gisteren gegeten?,,Ik heb gisteren … gegeten.,Ik heb gisteren pasta gegeten.,voltooide tijd; hebben of zijn + voltooid deelwoord,Docent of cursist leest de vraag voor en luistert. Geen verplichte tweede spreekrol. Wissel pas na het antwoord van spreker.,De reactie geeft de gevraagde informatie en de gevraagde korte toelichting; een passend nee-antwoord is toegestaan.,Optioneel: geef een ander passend antwoord met één korte toelichting.
dq-2-circle-02,route-2,circle,dagelijks,Vertel kort,Wat heb jij dit weekend gedaan?,,Ik heb dit weekend …,Ik heb dit weekend gewandeld.,voltooide tijd; hebben of zijn + voltooid deelwoord,Docent of cursist leest de vraag voor en luistert. Geen verplichte tweede spreekrol. Wissel pas na het antwoord van spreker.,De reactie geeft de gevraagde informatie en de gevraagde korte toelichting; een passend nee-antwoord is toegestaan.,Optioneel: geef een ander passend antwoord met één korte toelichting.
dq-2-circle-03,route-2,circle,dagelijks,Vertel kort,Waar ben jij gisteren geweest?,,Ik ben gisteren … geweest.,Ik ben gisteren op de markt geweest.,voltooide tijd; hebben of zijn + voltooid deelwoord,Docent of cursist leest de vraag voor en luistert. Geen verplichte tweede spreekrol. Wissel pas na het antwoord van spreker.,De reactie geeft de gevraagde informatie en de gevraagde korte toelichting; een passend nee-antwoord is toegestaan.,Optioneel: geef een ander passend antwoord met één korte toelichting.
dq-2-circle-04,route-2,circle,in-de-les,Vertel kort,Hoe ben jij vandaag naar de les gekomen?,,Ik ben met … gekomen.,Ik ben met de bus naar de les gekomen.,voltooide tijd; hebben of zijn + voltooid deelwoord,Docent of cursist leest de vraag voor en luistert. Geen verplichte tweede spreekrol. Wissel pas na het antwoord van spreker.,De reactie geeft de gevraagde informatie en de gevraagde korte toelichting; een passend nee-antwoord is toegestaan.,Optioneel: geef een ander passend antwoord met één korte toelichting.
dq-2-circle-05,route-2,circle,dagelijks,Vertel kort,Wat heb jij deze week gekocht?,,Ik heb deze week … gekocht.,Ik heb deze week een jas gekocht.,voltooide tijd; hebben of zijn + voltooid deelwoord,Docent of cursist leest de vraag voor en luistert. Geen verplichte tweede spreekrol. Wissel pas na het antwoord van spreker.,De reactie geeft de gevraagde informatie en de gevraagde korte toelichting; een passend nee-antwoord is toegestaan.,Optioneel: geef een ander passend antwoord met één korte toelichting.
dq-2-circle-06,route-2,circle,dagelijks,Vertel kort,Met wie heb jij gisteren gepraat?,,Ik heb gisteren met … gepraat.,Ik heb gisteren met mijn buurvrouw gepraat.,voltooide tijd; hebben of zijn + voltooid deelwoord,Docent of cursist leest de vraag voor en luistert. Geen verplichte tweede spreekrol. Wissel pas na het antwoord van spreker.,De reactie geeft de gevraagde informatie en de gevraagde korte toelichting; een passend nee-antwoord is toegestaan.,Optioneel: geef een ander passend antwoord met één korte toelichting.
dq-2-circle-07,route-2,circle,dagelijks,Vertel kort,Wat heb jij vandaag al gedaan?,,Ik heb al …,Ik heb al ontbeten en boodschappen gedaan.,voltooide tijd; hebben of zijn + voltooid deelwoord,Docent of cursist leest de vraag voor en luistert. Geen verplichte tweede spreekrol. Wissel pas na het antwoord van spreker.,De reactie geeft de gevraagde informatie en de gevraagde korte toelichting; een passend nee-antwoord is toegestaan.,Optioneel: geef een ander passend antwoord met één korte toelichting.
dq-2-circle-08,route-2,circle,kennismaken,Vertel kort,Waarom leer jij Nederlands?,,Ik leer Nederlands omdat …,Ik leer Nederlands omdat ik hier werk.,tegenwoordige en voltooide tijd; korte toelichting,Docent of cursist leest de vraag voor en luistert. Geen verplichte tweede spreekrol. Wissel pas na het antwoord van spreker.,De reactie geeft de gevraagde informatie en de gevraagde korte toelichting; een passend nee-antwoord is toegestaan.,Optioneel: geef een ander passend antwoord met één korte toelichting.
dq-2-circle-09,route-2,circle,dagelijks,Vertel kort,Wat ga jij morgen doen?,,Ik ga morgen …,Ik ga morgen mijn zus bezoeken.,tegenwoordige en voltooide tijd; korte toelichting,Docent of cursist leest de vraag voor en luistert. Geen verplichte tweede spreekrol. Wissel pas na het antwoord van spreker.,De reactie geeft de gevraagde informatie en de gevraagde korte toelichting; een passend nee-antwoord is toegestaan.,Optioneel: geef een ander passend antwoord met één korte toelichting.
dq-2-circle-10,route-2,circle,dagelijks,Vertel kort,Hoe ziet jouw ochtend eruit?,,Eerst … Daarna …,Ik ontbijt eerst. Daarna ga ik naar mijn werk.,tegenwoordige en voltooide tijd; korte toelichting,Docent of cursist leest de vraag voor en luistert. Geen verplichte tweede spreekrol. Wissel pas na het antwoord van spreker.,De reactie geeft de gevraagde informatie en de gevraagde korte toelichting; een passend nee-antwoord is toegestaan.,Optioneel: geef een ander passend antwoord met één korte toelichting.
dq-2-circle-11,route-2,circle,dagelijks,Vertel kort,Wat vind jij leuk aan jouw buurt?,,"Ik vind … leuk, want …","Ik vind het park leuk, want ik wandel graag.",tegenwoordige en voltooide tijd; korte toelichting,Docent of cursist leest de vraag voor en luistert. Geen verplichte tweede spreekrol. Wissel pas na het antwoord van spreker.,De reactie geeft de gevraagde informatie en de gevraagde korte toelichting; een passend nee-antwoord is toegestaan.,Optioneel: geef een ander passend antwoord met één korte toelichting.
dq-2-circle-12,route-2,circle,dagelijks,Vertel kort,Wat heb jij voor het laatst gekookt?,,Ik heb … gekookt.,Ik heb voor het laatst soep gekookt.,tegenwoordige en voltooide tijd; korte toelichting,Docent of cursist leest de vraag voor en luistert. Geen verplichte tweede spreekrol. Wissel pas na het antwoord van spreker.,De reactie geeft de gevraagde informatie en de gevraagde korte toelichting; een passend nee-antwoord is toegestaan.,Optioneel: geef een ander passend antwoord met één korte toelichting.
dq-2-circle-13,route-2,circle,in-de-les,Vertel kort,Wat doe jij als je een woord niet kent?,,Ik …,Ik zoek het woord op in een woordenboek.,tegenwoordige en voltooide tijd; korte toelichting,Docent of cursist leest de vraag voor en luistert. Geen verplichte tweede spreekrol. Wissel pas na het antwoord van spreker.,De reactie geeft de gevraagde informatie en de gevraagde korte toelichting; een passend nee-antwoord is toegestaan.,Optioneel: geef een ander passend antwoord met één korte toelichting.
dq-2-circle-14,route-2,circle,kennismaken,Vertel kort,Hoe oefen jij Nederlands buiten de les?,,Ik oefen door …,Ik praat Nederlands met mijn buren.,tegenwoordige en voltooide tijd; korte toelichting,Docent of cursist leest de vraag voor en luistert. Geen verplichte tweede spreekrol. Wissel pas na het antwoord van spreker.,De reactie geeft de gevraagde informatie en de gevraagde korte toelichting; een passend nee-antwoord is toegestaan.,Optioneel: geef een ander passend antwoord met één korte toelichting.
dq-2-circle-15,route-2,circle,dagelijks,Vertel kort,Wat wil jij deze maand leren?,,Ik wil leren om …,Ik wil leren om een afspraak te maken.,tegenwoordige en voltooide tijd; korte toelichting,Docent of cursist leest de vraag voor en luistert. Geen verplichte tweede spreekrol. Wissel pas na het antwoord van spreker.,De reactie geeft de gevraagde informatie en de gevraagde korte toelichting; een passend nee-antwoord is toegestaan.,Optioneel: geef een ander passend antwoord met één korte toelichting.
dq-2-square-01,route-2,square,dagelijks,Geef antwoord,Heb jij gisteren gekookt? Wat heb je gemaakt?,,"Ja, ik heb … / Nee, ik … Je mag ook nee zeggen en een mogelijk plan noemen.","Ja, ik heb groentesoep gemaakt.",tegenwoordige en voltooide tijd; korte toelichting,Docent of cursist leest de vraag voor en luistert. Geen verplichte tweede spreekrol. Wissel pas na het antwoord van spreker.,De reactie geeft de gevraagde informatie en de gevraagde korte toelichting; een passend nee-antwoord is toegestaan.,Optioneel: geef een ander passend antwoord met één korte toelichting.
dq-2-square-02,route-2,square,onderweg,Geef antwoord,Ben jij weleens met de trein gereisd? Waarheen?,,"Ja, ik ben naar … / Nee, ik … Je mag ook nee zeggen en een mogelijk plan noemen.","Ja, ik ben met de trein naar Utrecht gereisd.",tegenwoordige en voltooide tijd; korte toelichting,Docent of cursist leest de vraag voor en luistert. Geen verplichte tweede spreekrol. Wissel pas na het antwoord van spreker.,De reactie geeft de gevraagde informatie en de gevraagde korte toelichting; een passend nee-antwoord is toegestaan.,Optioneel: geef een ander passend antwoord met één korte toelichting.
dq-2-square-03,route-2,square,dagelijks,Geef antwoord,Heb jij deze week gesport? Wat heb je gedaan?,,"Ja, ik heb … / Nee, ik … Je mag ook nee zeggen en een mogelijk plan noemen.","Ja, ik heb een uur gezwommen.",tegenwoordige en voltooide tijd; korte toelichting,Docent of cursist leest de vraag voor en luistert. Geen verplichte tweede spreekrol. Wissel pas na het antwoord van spreker.,De reactie geeft de gevraagde informatie en de gevraagde korte toelichting; een passend nee-antwoord is toegestaan.,Optioneel: geef een ander passend antwoord met één korte toelichting.
dq-2-square-04,route-2,square,dagelijks,Geef antwoord,Heb jij vandaag ontbeten? Wat heb je gegeten?,,"Ja, ik heb … / Nee, ik … Je mag ook nee zeggen en een mogelijk plan noemen.","Ja, ik heb yoghurt met fruit gegeten.",tegenwoordige en voltooide tijd; korte toelichting,Docent of cursist leest de vraag voor en luistert. Geen verplichte tweede spreekrol. Wissel pas na het antwoord van spreker.,De reactie geeft de gevraagde informatie en de gevraagde korte toelichting; een passend nee-antwoord is toegestaan.,Optioneel: geef een ander passend antwoord met één korte toelichting.
dq-2-square-05,route-2,square,dagelijks,Geef antwoord,Heb jij weleens iets geleend? Wat was het?,,"Ja, ik heb … / Nee, ik … Je mag ook nee zeggen en een mogelijk plan noemen.","Ja, ik heb een fiets geleend.",tegenwoordige en voltooide tijd; korte toelichting,Docent of cursist leest de vraag voor en luistert. Geen verplichte tweede spreekrol. Wissel pas na het antwoord van spreker.,De reactie geeft de gevraagde informatie en de gevraagde korte toelichting; een passend nee-antwoord is toegestaan.,Optioneel: geef een ander passend antwoord met één korte toelichting.
dq-2-square-06,route-2,square,dagelijks,Geef antwoord,Ben jij gisteren buiten geweest? Waar was je?,,"Ja, ik was … / Nee, ik … Je mag ook nee zeggen en een mogelijk plan noemen.","Ja, ik was in het park.",tegenwoordige en voltooide tijd; korte toelichting,Docent of cursist leest de vraag voor en luistert. Geen verplichte tweede spreekrol. Wissel pas na het antwoord van spreker.,De reactie geeft de gevraagde informatie en de gevraagde korte toelichting; een passend nee-antwoord is toegestaan.,Optioneel: geef een ander passend antwoord met één korte toelichting.
dq-2-square-07,route-2,square,kennismaken,Geef antwoord,Heb jij vandaag Nederlands gesproken? Met wie?,,"Ja, ik heb met … / Nee, ik … Je mag ook nee zeggen en een mogelijk plan noemen.","Ja, ik heb met een collega Nederlands gesproken.",tegenwoordige en voltooide tijd; korte toelichting,Docent of cursist leest de vraag voor en luistert. Geen verplichte tweede spreekrol. Wissel pas na het antwoord van spreker.,De reactie geeft de gevraagde informatie en de gevraagde korte toelichting; een passend nee-antwoord is toegestaan.,Optioneel: geef een ander passend antwoord met één korte toelichting.
dq-2-square-08,route-2,square,dagelijks,Geef antwoord,Heb jij ooit een sleutel verloren? Wat deed je toen?,,"Ja, ik … / Nee, ik … Je mag ook nee zeggen en een mogelijk plan noemen.","Ja, ik heb mijn huisgenoot gebeld.",tegenwoordige en voltooide tijd; korte toelichting,Docent of cursist leest de vraag voor en luistert. Geen verplichte tweede spreekrol. Wissel pas na het antwoord van spreker.,De reactie geeft de gevraagde informatie en de gevraagde korte toelichting; een passend nee-antwoord is toegestaan.,Optioneel: geef een ander passend antwoord met één korte toelichting.
dq-2-square-09,route-2,square,dagelijks,Geef antwoord,Heb jij gisteren naar muziek geluisterd? Welke muziek?,,"Ja, ik heb naar … geluisterd. / Nee, ik …","Ja, ik heb naar jazz geluisterd.",tegenwoordige en voltooide tijd; korte toelichting,Docent of cursist leest de vraag voor en luistert. Geen verplichte tweede spreekrol. Wissel pas na het antwoord van spreker.,De reactie geeft de gevraagde informatie en de gevraagde korte toelichting; een passend nee-antwoord is toegestaan.,Optioneel: geef een ander passend antwoord met één korte toelichting.
dq-2-square-10,route-2,square,onderweg,Geef antwoord,Heb jij weleens een trein gemist? Wat deed je toen?,,"Ja, ik heb … / Nee, ik … Je mag ook nee zeggen en een mogelijk plan noemen.","Ja, ik heb op de volgende trein gewacht.",tegenwoordige en voltooide tijd; korte toelichting,Docent of cursist leest de vraag voor en luistert. Geen verplichte tweede spreekrol. Wissel pas na het antwoord van spreker.,De reactie geeft de gevraagde informatie en de gevraagde korte toelichting; een passend nee-antwoord is toegestaan.,Optioneel: geef een ander passend antwoord met één korte toelichting.
dq-2-square-11,route-2,square,dagelijks,Geef antwoord,Kun jij morgen eerder komen? Hoe laat?,,"Ja, ik kan om … / Nee, ik kan … Je mag ook nee zeggen en een mogelijk plan noemen.","Ja, ik kan om halfnegen komen.",tegenwoordige en voltooide tijd; korte toelichting,Docent of cursist leest de vraag voor en luistert. Geen verplichte tweede spreekrol. Wissel pas na het antwoord van spreker.,De reactie geeft de gevraagde informatie en de gevraagde korte toelichting; een passend nee-antwoord is toegestaan.,Optioneel: geef een ander passend antwoord met één korte toelichting.
dq-2-square-12,route-2,square,dagelijks,Geef antwoord,Wil jij later een andere taal leren? Welke taal?,,"Ja, ik wil … / Nee, ik … Je mag ook nee zeggen en een mogelijk plan noemen.","Ja, ik wil later Frans leren.",tegenwoordige en voltooide tijd; korte toelichting,Docent of cursist leest de vraag voor en luistert. Geen verplichte tweede spreekrol. Wissel pas na het antwoord van spreker.,De reactie geeft de gevraagde informatie en de gevraagde korte toelichting; een passend nee-antwoord is toegestaan.,Optioneel: geef een ander passend antwoord met één korte toelichting.
dq-2-square-13,route-2,square,dagelijks,Geef antwoord,Heb jij weleens iets online gekocht? Wat was het?,,"Ja, ik heb … / Nee, ik … Je mag ook nee zeggen en een mogelijk plan noemen.","Ja, ik heb online schoenen gekocht.",tegenwoordige en voltooide tijd; korte toelichting,Docent of cursist leest de vraag voor en luistert. Geen verplichte tweede spreekrol. Wissel pas na het antwoord van spreker.,De reactie geeft de gevraagde informatie en de gevraagde korte toelichting; een passend nee-antwoord is toegestaan.,Optioneel: geef een ander passend antwoord met één korte toelichting.
dq-2-square-14,route-2,square,spullen,Geef antwoord,Heb jij deze week iemand geholpen? Waarmee?,,"Ja, ik heb … geholpen met … / Nee, ik … Je mag ook nee zeggen en een mogelijk plan noemen.","Ja, ik heb mijn buurman met de boodschappen geholpen.",tegenwoordige en voltooide tijd; korte toelichting,Docent of cursist leest de vraag voor en luistert. Geen verplichte tweede spreekrol. Wissel pas na het antwoord van spreker.,De reactie geeft de gevraagde informatie en de gevraagde korte toelichting; een passend nee-antwoord is toegestaan.,Optioneel: geef een ander passend antwoord met één korte toelichting.
dq-2-square-15,route-2,square,dagelijks,Geef antwoord,Heb jij gisteren iets gelezen? Wat heb je gelezen?,,"Ja, ik heb … / Nee, ik … Je mag ook nee zeggen en een mogelijk plan noemen.","Ja, ik heb een bericht van mijn zus gelezen.",tegenwoordige en voltooide tijd; korte toelichting,Docent of cursist leest de vraag voor en luistert. Geen verplichte tweede spreekrol. Wissel pas na het antwoord van spreker.,De reactie geeft de gevraagde informatie en de gevraagde korte toelichting; een passend nee-antwoord is toegestaan.,Optioneel: geef een ander passend antwoord met één korte toelichting.
dq-2-triangle-01,route-2,triangle,onderweg,Kies,Ga jij liever met de trein of de bus? Waarom?,,"Ik ga liever …, want …","Ik ga liever met de trein, want die is sneller.",voorkeur + reden met want,Docent of cursist leest de vraag voor en luistert. Geen verplichte tweede spreekrol. Wissel pas na het antwoord van spreker.,De reactie geeft de gevraagde informatie en de gevraagde korte toelichting; een passend nee-antwoord is toegestaan. De keuze is duidelijk; beide opties kunnen passend zijn.,Optioneel: geef een ander passend antwoord met één korte toelichting.
dq-2-triangle-02,route-2,triangle,winkelen,Kies,Koop jij liever nieuw of tweedehands? Waarom?,,"Ik koop liever …, want …","Ik koop liever tweedehands, want dat is goedkoper.",voorkeur + reden met want,Docent of cursist leest de vraag voor en luistert. Geen verplichte tweede spreekrol. Wissel pas na het antwoord van spreker.,De reactie geeft de gevraagde informatie en de gevraagde korte toelichting; een passend nee-antwoord is toegestaan. De keuze is duidelijk; beide opties kunnen passend zijn.,Optioneel: geef een ander passend antwoord met één korte toelichting.
dq-2-triangle-03,route-2,triangle,in-de-les,Kies,Leer jij liever met een boek of een app? Waarom?,,"Ik leer liever …, want …","Ik leer liever met een app, want die heb ik altijd bij me.",voorkeur + reden met want,Docent of cursist leest de vraag voor en luistert. Geen verplichte tweede spreekrol. Wissel pas na het antwoord van spreker.,De reactie geeft de gevraagde informatie en de gevraagde korte toelichting; een passend nee-antwoord is toegestaan. De keuze is duidelijk; beide opties kunnen passend zijn.,Optioneel: geef een ander passend antwoord met één korte toelichting.
dq-2-triangle-04,route-2,triangle,dagelijks,Kies,Kook jij liever samen of alleen? Waarom?,,"Ik kook liever …, want …","Ik kook liever samen, want dat vind ik gezellig.",voorkeur + reden met want,Docent of cursist leest de vraag voor en luistert. Geen verplichte tweede spreekrol. Wissel pas na het antwoord van spreker.,De reactie geeft de gevraagde informatie en de gevraagde korte toelichting; een passend nee-antwoord is toegestaan. De keuze is duidelijk; beide opties kunnen passend zijn.,Optioneel: geef een ander passend antwoord met één korte toelichting.
dq-2-triangle-05,route-2,triangle,dagelijks,Kies,Woon jij liever in de stad of in een dorp? Waarom?,,"Ik woon liever …, want …","Ik woon liever in de stad, want er zijn veel winkels.",voorkeur + reden met want,Docent of cursist leest de vraag voor en luistert. Geen verplichte tweede spreekrol. Wissel pas na het antwoord van spreker.,De reactie geeft de gevraagde informatie en de gevraagde korte toelichting; een passend nee-antwoord is toegestaan. De keuze is duidelijk; beide opties kunnen passend zijn.,Optioneel: geef een ander passend antwoord met één korte toelichting.
dq-2-triangle-06,route-2,triangle,dagelijks,Kies,Werk jij liever vroeg of laat? Waarom?,,"Ik werk liever …, want …","Ik werk liever vroeg, want dan ben ik eerder vrij.",voorkeur + reden met want,Docent of cursist leest de vraag voor en luistert. Geen verplichte tweede spreekrol. Wissel pas na het antwoord van spreker.,De reactie geeft de gevraagde informatie en de gevraagde korte toelichting; een passend nee-antwoord is toegestaan. De keuze is duidelijk; beide opties kunnen passend zijn.,Optioneel: geef een ander passend antwoord met één korte toelichting.
dq-2-triangle-07,route-2,triangle,dagelijks,Kies,Spreek jij liever thuis of in een café af? Waarom?,,"Ik spreek liever … af, want …","Ik spreek liever thuis af, want daar is het rustig.",voorkeur + reden met want,Docent of cursist leest de vraag voor en luistert. Geen verplichte tweede spreekrol. Wissel pas na het antwoord van spreker.,De reactie geeft de gevraagde informatie en de gevraagde korte toelichting; een passend nee-antwoord is toegestaan. De keuze is duidelijk; beide opties kunnen passend zijn.,Optioneel: geef een ander passend antwoord met één korte toelichting.
dq-2-triangle-08,route-2,triangle,dagelijks,Kies,Bel jij liever of stuur je een bericht? Waarom?,,"Ik … liever …, want …","Ik stuur liever een bericht, want dat kan op elk moment.",voorkeur + reden met want,Docent of cursist leest de vraag voor en luistert. Geen verplichte tweede spreekrol. Wissel pas na het antwoord van spreker.,De reactie geeft de gevraagde informatie en de gevraagde korte toelichting; een passend nee-antwoord is toegestaan. De keuze is duidelijk; beide opties kunnen passend zijn.,Optioneel: geef een ander passend antwoord met één korte toelichting.
dq-2-triangle-09,route-2,triangle,dagelijks,Kies,Ga jij liever wandelen of zwemmen? Waarom?,,"Ik ga liever …, want …","Ik ga liever wandelen, want dan ben ik buiten.",voorkeur + reden met want,Docent of cursist leest de vraag voor en luistert. Geen verplichte tweede spreekrol. Wissel pas na het antwoord van spreker.,De reactie geeft de gevraagde informatie en de gevraagde korte toelichting; een passend nee-antwoord is toegestaan. De keuze is duidelijk; beide opties kunnen passend zijn.,Optioneel: geef een ander passend antwoord met één korte toelichting.
dq-2-triangle-10,route-2,triangle,dagelijks,Kies,Plan jij je weekend of beslis je op de dag zelf? Waarom?,,"Ik …, want …","Ik plan mijn weekend, want dan kan ik vrienden uitnodigen.",voorkeur + reden met want,Docent of cursist leest de vraag voor en luistert. Geen verplichte tweede spreekrol. Wissel pas na het antwoord van spreker.,De reactie geeft de gevraagde informatie en de gevraagde korte toelichting; een passend nee-antwoord is toegestaan. De keuze is duidelijk; beide opties kunnen passend zijn.,Optioneel: geef een ander passend antwoord met één korte toelichting.
dq-2-triangle-11,route-2,triangle,winkelen,Kies,Ga jij liever op zaterdag of maandag winkelen? Waarom?,,"Ik ga liever op …, want …","Ik ga liever op maandag, want dan is het rustiger.",voorkeur + reden met want,Docent of cursist leest de vraag voor en luistert. Geen verplichte tweede spreekrol. Wissel pas na het antwoord van spreker.,De reactie geeft de gevraagde informatie en de gevraagde korte toelichting; een passend nee-antwoord is toegestaan. De keuze is duidelijk; beide opties kunnen passend zijn.,Optioneel: geef een ander passend antwoord met één korte toelichting.
dq-2-triangle-12,route-2,triangle,dagelijks,Kies,Oefen jij liever spreken of schrijven? Waarom?,,"Ik oefen liever …, want …","Ik oefen liever spreken, want dat heb ik op mijn werk nodig.",voorkeur + reden met want,Docent of cursist leest de vraag voor en luistert. Geen verplichte tweede spreekrol. Wissel pas na het antwoord van spreker.,De reactie geeft de gevraagde informatie en de gevraagde korte toelichting; een passend nee-antwoord is toegestaan. De keuze is duidelijk; beide opties kunnen passend zijn.,Optioneel: geef een ander passend antwoord met één korte toelichting.
dq-2-triangle-13,route-2,triangle,dagelijks,Kies,Kies jij liever een korte of een lange vakantie? Waarom?,,"Ik kies liever …, want …","Ik kies liever een lange vakantie, want dan kan ik goed uitrusten.",voorkeur + reden met want,Docent of cursist leest de vraag voor en luistert. Geen verplichte tweede spreekrol. Wissel pas na het antwoord van spreker.,De reactie geeft de gevraagde informatie en de gevraagde korte toelichting; een passend nee-antwoord is toegestaan. De keuze is duidelijk; beide opties kunnen passend zijn.,Optioneel: geef een ander passend antwoord met één korte toelichting.
dq-2-triangle-14,route-2,triangle,dagelijks,Kies,Eet jij liever warm in de middag of in de avond? Waarom?,,"Ik eet liever … warm, want …","Ik eet liever in de avond warm, want dan ben ik thuis.",voorkeur + reden met want,Docent of cursist leest de vraag voor en luistert. Geen verplichte tweede spreekrol. Wissel pas na het antwoord van spreker.,De reactie geeft de gevraagde informatie en de gevraagde korte toelichting; een passend nee-antwoord is toegestaan. De keuze is duidelijk; beide opties kunnen passend zijn.,Optioneel: geef een ander passend antwoord met één korte toelichting.
dq-2-triangle-15,route-2,triangle,winkelen,Kies,Fiets jij liever of loop je liever naar de winkel? Waarom?,,"Ik … liever, want …","Ik loop liever, want de winkel is dichtbij.",voorkeur + reden met want,Docent of cursist leest de vraag voor en luistert. Geen verplichte tweede spreekrol. Wissel pas na het antwoord van spreker.,De reactie geeft de gevraagde informatie en de gevraagde korte toelichting; een passend nee-antwoord is toegestaan. De keuze is duidelijk; beide opties kunnen passend zijn.,Optioneel: geef een ander passend antwoord met één korte toelichting.
dq-2-diamond-01,route-2,diamond,dagelijks,Reageer,De afspraak is om tien uur. Kun jij dan komen?,,"Nee, ik … Kan het om …?","Nee, ik werk dan. Kan het om twee uur?",tegenwoordige en voltooide tijd; korte toelichting,Docent of cursist leest de vraag voor en luistert. Geen verplichte tweede spreekrol. Wissel pas na het antwoord van spreker.,De reactie geeft de gevraagde informatie en de gevraagde korte toelichting; een passend nee-antwoord is toegestaan. De reactie past bij de gegeven situatie en verzint geen tegenstrijdige feiten.,Optioneel: geef een ander passend antwoord met één korte toelichting.
dq-2-diamond-02,route-2,diamond,winkelen,Reageer,Je bestelling is er nog niet. Wil je wachten of je geld terug?,,"Ik wil …, want …","Ik wil mijn geld terug, want ik heb haast.",tegenwoordige en voltooide tijd; korte toelichting,Docent of cursist leest de vraag voor en luistert. Geen verplichte tweede spreekrol. Wissel pas na het antwoord van spreker.,De reactie geeft de gevraagde informatie en de gevraagde korte toelichting; een passend nee-antwoord is toegestaan. De reactie past bij de gegeven situatie en verzint geen tegenstrijdige feiten.,Optioneel: geef een ander passend antwoord met één korte toelichting.
dq-2-diamond-03,route-2,diamond,winkelen,Reageer,De broek past niet. Is hij te groot of te klein?,,Hij is te … Ik wil …,Hij is te klein. Ik wil een maat groter.,tegenwoordige en voltooide tijd; korte toelichting,Docent of cursist leest de vraag voor en luistert. Geen verplichte tweede spreekrol. Wissel pas na het antwoord van spreker.,De reactie geeft de gevraagde informatie en de gevraagde korte toelichting; een passend nee-antwoord is toegestaan. De reactie past bij de gegeven situatie en verzint geen tegenstrijdige feiten.,Optioneel: geef een ander passend antwoord met één korte toelichting.
dq-2-diamond-04,route-2,diamond,in-de-les,Reageer,De bus rijdt niet. Hoe kom jij nu naar de les?,,Ik … Dan …,Ik neem de fiets. Dan ben ik op tijd.,tegenwoordige en voltooide tijd; korte toelichting,Docent of cursist leest de vraag voor en luistert. Geen verplichte tweede spreekrol. Wissel pas na het antwoord van spreker.,De reactie geeft de gevraagde informatie en de gevraagde korte toelichting; een passend nee-antwoord is toegestaan. De reactie past bij de gegeven situatie en verzint geen tegenstrijdige feiten.,Optioneel: geef een ander passend antwoord met één korte toelichting.
dq-2-diamond-05,route-2,diamond,kennismaken,Reageer,Het raam staat open. Heb je het koud?,,"Ja, ik … Mag …?","Ja, ik heb het koud. Mag het raam dicht?",tegenwoordige en voltooide tijd; korte toelichting,Docent of cursist leest de vraag voor en luistert. Geen verplichte tweede spreekrol. Wissel pas na het antwoord van spreker.,De reactie geeft de gevraagde informatie en de gevraagde korte toelichting; een passend nee-antwoord is toegestaan. De reactie past bij de gegeven situatie en verzint geen tegenstrijdige feiten.,Optioneel: geef een ander passend antwoord met één korte toelichting.
dq-2-diamond-06,route-2,diamond,dagelijks,Reageer,De soep is op. Wat wil je in plaats daarvan?,,Ik wil graag …,Ik wil graag een broodje kaas.,tegenwoordige en voltooide tijd; korte toelichting,Docent of cursist leest de vraag voor en luistert. Geen verplichte tweede spreekrol. Wissel pas na het antwoord van spreker.,De reactie geeft de gevraagde informatie en de gevraagde korte toelichting; een passend nee-antwoord is toegestaan. De reactie past bij de gegeven situatie en verzint geen tegenstrijdige feiten.,Optioneel: geef een ander passend antwoord met één korte toelichting.
dq-2-diamond-07,route-2,diamond,spullen,Reageer,Je boek is nog niet uit. Wil je het langer lenen?,,"Ja, ik wil … / Nee, ik …","Ja, ik wil het graag nog een week lenen.",tegenwoordige en voltooide tijd; korte toelichting,Docent of cursist leest de vraag voor en luistert. Geen verplichte tweede spreekrol. Wissel pas na het antwoord van spreker.,De reactie geeft de gevraagde informatie en de gevraagde korte toelichting; een passend nee-antwoord is toegestaan. De reactie past bij de gegeven situatie en verzint geen tegenstrijdige feiten.,Optioneel: geef een ander passend antwoord met één korte toelichting.
dq-2-diamond-08,route-2,diamond,spullen,Reageer,Je telefoon is leeg. Wil je mijn oplader lenen?,,"Ja, graag. Ik …","Ja, graag. Ik geef hem straks terug.",tegenwoordige en voltooide tijd; korte toelichting,Docent of cursist leest de vraag voor en luistert. Geen verplichte tweede spreekrol. Wissel pas na het antwoord van spreker.,De reactie geeft de gevraagde informatie en de gevraagde korte toelichting; een passend nee-antwoord is toegestaan. De reactie past bij de gegeven situatie en verzint geen tegenstrijdige feiten.,Optioneel: geef een ander passend antwoord met één korte toelichting.
dq-2-diamond-09,route-2,diamond,in-de-les,Reageer,De les begint later. Wat ga jij in de tussentijd doen?,,Ik ga …,Ik ga even koffie drinken.,tegenwoordige en voltooide tijd; korte toelichting,Docent of cursist leest de vraag voor en luistert. Geen verplichte tweede spreekrol. Wissel pas na het antwoord van spreker.,De reactie geeft de gevraagde informatie en de gevraagde korte toelichting; een passend nee-antwoord is toegestaan. De reactie past bij de gegeven situatie en verzint geen tegenstrijdige feiten.,Optioneel: geef een ander passend antwoord met één korte toelichting.
dq-2-diamond-10,route-2,diamond,dagelijks,Reageer,Je kunt niet op dinsdag. Welke dag past jou wel?,,… past mij goed. Kan …?,Donderdag past mij goed. Kan dat ook?,tegenwoordige en voltooide tijd; korte toelichting,Docent of cursist leest de vraag voor en luistert. Geen verplichte tweede spreekrol. Wissel pas na het antwoord van spreker.,De reactie geeft de gevraagde informatie en de gevraagde korte toelichting; een passend nee-antwoord is toegestaan. De reactie past bij de gegeven situatie en verzint geen tegenstrijdige feiten.,Optioneel: geef een ander passend antwoord met één korte toelichting.
dq-2-diamond-11,route-2,diamond,spullen,Reageer,Je tas is zwaar. Zal ik hem even dragen?,,"Ja, graag. … / Nee, …","Ja, graag. Dat helpt mij.",tegenwoordige en voltooide tijd; korte toelichting,Docent of cursist leest de vraag voor en luistert. Geen verplichte tweede spreekrol. Wissel pas na het antwoord van spreker.,De reactie geeft de gevraagde informatie en de gevraagde korte toelichting; een passend nee-antwoord is toegestaan. De reactie past bij de gegeven situatie en verzint geen tegenstrijdige feiten.,Optioneel: geef een ander passend antwoord met één korte toelichting.
dq-2-diamond-12,route-2,diamond,in-de-les,Reageer,Je kunt niet alles lezen. Wil je een grotere tekst?,,"Ja, graag. Deze …","Ja, graag. Deze letters zijn te klein.",tegenwoordige en voltooide tijd; korte toelichting,Docent of cursist leest de vraag voor en luistert. Geen verplichte tweede spreekrol. Wissel pas na het antwoord van spreker.,De reactie geeft de gevraagde informatie en de gevraagde korte toelichting; een passend nee-antwoord is toegestaan. De reactie past bij de gegeven situatie en verzint geen tegenstrijdige feiten.,Optioneel: geef een ander passend antwoord met één korte toelichting.
dq-2-diamond-13,route-2,diamond,dagelijks,Reageer,Je hebt haast. Wil je jouw eten meenemen?,,"Ja, graag. Ik …","Ja, graag. Ik eet het thuis op.",tegenwoordige en voltooide tijd; korte toelichting,Docent of cursist leest de vraag voor en luistert. Geen verplichte tweede spreekrol. Wissel pas na het antwoord van spreker.,De reactie geeft de gevraagde informatie en de gevraagde korte toelichting; een passend nee-antwoord is toegestaan. De reactie past bij de gegeven situatie en verzint geen tegenstrijdige feiten.,Optioneel: geef een ander passend antwoord met één korte toelichting.
dq-2-diamond-14,route-2,diamond,dagelijks,Reageer,Je hebt een vraag over het huiswerk. Waar wil je hulp bij?,,Ik wil hulp bij …,Ik wil hulp bij opdracht drie. Ik begrijp die niet.,tegenwoordige en voltooide tijd; korte toelichting,Docent of cursist leest de vraag voor en luistert. Geen verplichte tweede spreekrol. Wissel pas na het antwoord van spreker.,De reactie geeft de gevraagde informatie en de gevraagde korte toelichting; een passend nee-antwoord is toegestaan. De reactie past bij de gegeven situatie en verzint geen tegenstrijdige feiten.,Optioneel: geef een ander passend antwoord met één korte toelichting.
dq-2-diamond-15,route-2,diamond,onderweg,Reageer,Je fiets is kapot. Wil je mijn fiets lenen?,,"Ja, graag. Ik …","Ja, graag. Ik breng hem vanavond terug.",tegenwoordige en voltooide tijd; korte toelichting,Docent of cursist leest de vraag voor en luistert. Geen verplichte tweede spreekrol. Wissel pas na het antwoord van spreker.,De reactie geeft de gevraagde informatie en de gevraagde korte toelichting; een passend nee-antwoord is toegestaan. De reactie past bij de gegeven situatie en verzint geen tegenstrijdige feiten.,Optioneel: geef een ander passend antwoord met één korte toelichting.
dq-3-circle-01,route-3,circle,kennismaken,Vertel kort,Wat gaat bij het leren van Nederlands nu beter dan eerst?,,Eerst … Nu …,"Ik begrijp gesprekken beter dan eerst, omdat ik elke dag luister.","samenhangende zinnen; redenen, voorwaarden en voorstellen",Docent of cursist leest de vraag voor en luistert. Geen verplichte tweede spreekrol. Wissel pas na het antwoord van spreker.,"De reactie is samenhangend en beantwoordt ook de gevraagde reden, afweging, uitwerking of praktische oplossing.",Optioneel: verander één omstandigheid. Leg uit of je antwoord daardoor verandert.
dq-3-circle-02,route-3,circle,dagelijks,Vertel kort,Wat zou jij graag aan jouw buurt veranderen?,,"Ik zou … willen, zodat …","Ik zou meer bomen willen, zodat er in de zomer meer schaduw is.","samenhangende zinnen; redenen, voorwaarden en voorstellen",Docent of cursist leest de vraag voor en luistert. Geen verplichte tweede spreekrol. Wissel pas na het antwoord van spreker.,"De reactie is samenhangend en beantwoordt ook de gevraagde reden, afweging, uitwerking of praktische oplossing.",Optioneel: verander één omstandigheid. Leg uit of je antwoord daardoor verandert.
dq-3-circle-03,route-3,circle,dagelijks,Vertel kort,Hoe bereid jij je voor op een drukke week?,,Eerst … Daarna …,Ik maak een planning en kook alvast voor twee dagen.,"samenhangende zinnen; redenen, voorwaarden en voorstellen",Docent of cursist leest de vraag voor en luistert. Geen verplichte tweede spreekrol. Wissel pas na het antwoord van spreker.,"De reactie is samenhangend en beantwoordt ook de gevraagde reden, afweging, uitwerking of praktische oplossing.",Optioneel: verander één omstandigheid. Leg uit of je antwoord daardoor verandert.
dq-3-circle-04,route-3,circle,in-de-les,Vertel kort,Wat heb jij geleerd van een fout die je maakte?,,Ik had … Nu …,Ik was een afspraak vergeten. Nu zet ik afspraken meteen in mijn agenda.,"samenhangende zinnen; redenen, voorwaarden en voorstellen",Docent of cursist leest de vraag voor en luistert. Geen verplichte tweede spreekrol. Wissel pas na het antwoord van spreker.,"De reactie is samenhangend en beantwoordt ook de gevraagde reden, afweging, uitwerking of praktische oplossing.",Optioneel: verander één omstandigheid. Leg uit of je antwoord daardoor verandert.
dq-3-circle-05,route-3,circle,dagelijks,Vertel kort,Welke gewoonte helpt jou om iets te leren?,,"… helpt mij, omdat …","Elke dag kort oefenen helpt mij, omdat ik de woorden dan beter onthoud.","samenhangende zinnen; redenen, voorwaarden en voorstellen",Docent of cursist leest de vraag voor en luistert. Geen verplichte tweede spreekrol. Wissel pas na het antwoord van spreker.,"De reactie is samenhangend en beantwoordt ook de gevraagde reden, afweging, uitwerking of praktische oplossing.",Optioneel: verander één omstandigheid. Leg uit of je antwoord daardoor verandert.
dq-3-circle-06,route-3,circle,dagelijks,Vertel kort,Hoe is jouw dagelijks leven de laatste jaren veranderd?,,Vroeger … Nu …,Vroeger werkte ik 's avonds. Nu werk ik overdag en heb ik meer tijd voor mijn gezin.,"samenhangende zinnen; redenen, voorwaarden en voorstellen",Docent of cursist leest de vraag voor en luistert. Geen verplichte tweede spreekrol. Wissel pas na het antwoord van spreker.,"De reactie is samenhangend en beantwoordt ook de gevraagde reden, afweging, uitwerking of praktische oplossing.",Optioneel: verander één omstandigheid. Leg uit of je antwoord daardoor verandert.
dq-3-circle-07,route-3,circle,dagelijks,Vertel kort,Wat vind jij belangrijk bij het kiezen van een opleiding?,,Ik vind het belangrijk dat …,Ik vind het belangrijk dat de lestijden bij mijn werk passen.,"samenhangende zinnen; redenen, voorwaarden en voorstellen",Docent of cursist leest de vraag voor en luistert. Geen verplichte tweede spreekrol. Wissel pas na het antwoord van spreker.,"De reactie is samenhangend en beantwoordt ook de gevraagde reden, afweging, uitwerking of praktische oplossing.",Optioneel: verander één omstandigheid. Leg uit of je antwoord daardoor verandert.
dq-3-circle-08,route-3,circle,kennismaken,Vertel kort,Hoe houd jij contact met mensen die ver weg wonen?,,"Ik …, zodat …","Ik stuur berichten en bel in het weekend, zodat we rustig kunnen praten.","samenhangende zinnen; redenen, voorwaarden en voorstellen",Docent of cursist leest de vraag voor en luistert. Geen verplichte tweede spreekrol. Wissel pas na het antwoord van spreker.,"De reactie is samenhangend en beantwoordt ook de gevraagde reden, afweging, uitwerking of praktische oplossing.",Optioneel: verander één omstandigheid. Leg uit of je antwoord daardoor verandert.
dq-3-circle-09,route-3,circle,dagelijks,Vertel kort,Wat doe jij om een drukke dag rustig af te sluiten?,,Ik … Daardoor …,Ik leg mijn telefoon weg en lees een boek. Daardoor kom ik tot rust.,"samenhangende zinnen; redenen, voorwaarden en voorstellen",Docent of cursist leest de vraag voor en luistert. Geen verplichte tweede spreekrol. Wissel pas na het antwoord van spreker.,"De reactie is samenhangend en beantwoordt ook de gevraagde reden, afweging, uitwerking of praktische oplossing.",Optioneel: verander één omstandigheid. Leg uit of je antwoord daardoor verandert.
dq-3-circle-10,route-3,circle,dagelijks,Vertel kort,Wat was een praktische tip waar jij veel aan had?,,De tip was … Sindsdien …,Iemand adviseerde mij om een boodschappenlijst te maken. Sindsdien vergeet ik minder.,"samenhangende zinnen; redenen, voorwaarden en voorstellen",Docent of cursist leest de vraag voor en luistert. Geen verplichte tweede spreekrol. Wissel pas na het antwoord van spreker.,"De reactie is samenhangend en beantwoordt ook de gevraagde reden, afweging, uitwerking of praktische oplossing.",Optioneel: verander één omstandigheid. Leg uit of je antwoord daardoor verandert.
dq-3-circle-11,route-3,circle,dagelijks,Vertel kort,Hoe pak jij een taak aan die je nog nooit hebt gedaan?,,Eerst … Daarna …,Ik zoek eerst een voorbeeld en probeer het daarna zelf.,"samenhangende zinnen; redenen, voorwaarden en voorstellen",Docent of cursist leest de vraag voor en luistert. Geen verplichte tweede spreekrol. Wissel pas na het antwoord van spreker.,"De reactie is samenhangend en beantwoordt ook de gevraagde reden, afweging, uitwerking of praktische oplossing.",Optioneel: verander één omstandigheid. Leg uit of je antwoord daardoor verandert.
dq-3-circle-12,route-3,circle,dagelijks,Vertel kort,Wat vind jij prettig aan samenwerken?,,Ik vind het prettig dat …,Ik vind het prettig dat we elkaar kunnen helpen als iets niet lukt.,"samenhangende zinnen; redenen, voorwaarden en voorstellen",Docent of cursist leest de vraag voor en luistert. Geen verplichte tweede spreekrol. Wissel pas na het antwoord van spreker.,"De reactie is samenhangend en beantwoordt ook de gevraagde reden, afweging, uitwerking of praktische oplossing.",Optioneel: verander één omstandigheid. Leg uit of je antwoord daardoor verandert.
dq-3-circle-13,route-3,circle,dagelijks,Vertel kort,Welke plek raad jij een bezoeker aan? Waarom?,,"Ik raad … aan, omdat …","Ik raad het park aan, omdat je daar rustig kunt wandelen.","samenhangende zinnen; redenen, voorwaarden en voorstellen",Docent of cursist leest de vraag voor en luistert. Geen verplichte tweede spreekrol. Wissel pas na het antwoord van spreker.,"De reactie is samenhangend en beantwoordt ook de gevraagde reden, afweging, uitwerking of praktische oplossing.",Optioneel: verander één omstandigheid. Leg uit of je antwoord daardoor verandert.
dq-3-circle-14,route-3,circle,dagelijks,Vertel kort,Wat zou jij doen met een extra vrije dag per week?,,Ik zou …,Ik zou een cursus volgen die ik nu niet met mijn werk kan combineren.,"samenhangende zinnen; redenen, voorwaarden en voorstellen",Docent of cursist leest de vraag voor en luistert. Geen verplichte tweede spreekrol. Wissel pas na het antwoord van spreker.,"De reactie is samenhangend en beantwoordt ook de gevraagde reden, afweging, uitwerking of praktische oplossing.",Optioneel: verander één omstandigheid. Leg uit of je antwoord daardoor verandert.
dq-3-circle-15,route-3,circle,kennismaken,Vertel kort,Wanneer ben jij tevreden over een gesprek in het Nederlands?,,Ik ben tevreden als …,"Ik ben tevreden als ik kan uitleggen wat ik bedoel, ook als ik fouten maak.","samenhangende zinnen; redenen, voorwaarden en voorstellen",Docent of cursist leest de vraag voor en luistert. Geen verplichte tweede spreekrol. Wissel pas na het antwoord van spreker.,"De reactie is samenhangend en beantwoordt ook de gevraagde reden, afweging, uitwerking of praktische oplossing.",Optioneel: verander één omstandigheid. Leg uit of je antwoord daardoor verandert.
dq-3-square-01,route-3,square,dagelijks,Geef antwoord,Heb jij weleens een planning veranderd? Waarom was dat nodig?,,"Ja, … Daarom … / Nee, …","Ja, een collega was ziek. Daarom heb ik mijn afspraak verzet.","samenhangende zinnen; redenen, voorwaarden en voorstellen",Docent of cursist leest de vraag voor en luistert. Geen verplichte tweede spreekrol. Wissel pas na het antwoord van spreker.,"De reactie is samenhangend en beantwoordt ook de gevraagde reden, afweging, uitwerking of praktische oplossing.",Optioneel: verander één omstandigheid. Leg uit of je antwoord daardoor verandert.
dq-3-square-02,route-3,square,winkelen,Geef antwoord,Vind jij dat winkels op zondag open moeten zijn? Waarom?,,"Ik vind …, omdat …","Ja, want sommige mensen kunnen alleen op zondag boodschappen doen.","samenhangende zinnen; redenen, voorwaarden en voorstellen",Docent of cursist leest de vraag voor en luistert. Geen verplichte tweede spreekrol. Wissel pas na het antwoord van spreker.,"De reactie is samenhangend en beantwoordt ook de gevraagde reden, afweging, uitwerking of praktische oplossing.",Optioneel: verander één omstandigheid. Leg uit of je antwoord daardoor verandert.
dq-3-square-03,route-3,square,dagelijks,Geef antwoord,Zou jij dichter bij je werk willen wonen? Waarom wel of niet?,,"Ja, dan zou ik … / Nee, want …","Ja, dan zou ik minder tijd kwijt zijn aan reizen.","samenhangende zinnen; redenen, voorwaarden en voorstellen",Docent of cursist leest de vraag voor en luistert. Geen verplichte tweede spreekrol. Wissel pas na het antwoord van spreker.,"De reactie is samenhangend en beantwoordt ook de gevraagde reden, afweging, uitwerking of praktische oplossing.",Optioneel: verander één omstandigheid. Leg uit of je antwoord daardoor verandert.
dq-3-square-04,route-3,square,kennismaken,Geef antwoord,Lukt het jou om elke dag Nederlands te oefenen? Hoe doe je dat?,,Meestal … Ik …,Meestal wel. Ik luister onderweg naar een kort gesprek.,"samenhangende zinnen; redenen, voorwaarden en voorstellen",Docent of cursist leest de vraag voor en luistert. Geen verplichte tweede spreekrol. Wissel pas na het antwoord van spreker.,"De reactie is samenhangend en beantwoordt ook de gevraagde reden, afweging, uitwerking of praktische oplossing.",Optioneel: verander één omstandigheid. Leg uit of je antwoord daardoor verandert.
dq-3-square-05,route-3,square,dagelijks,Geef antwoord,Heb jij weleens een misverstand opgelost? Hoe deed je dat?,,Eerst … Daarna …,"Ja, ik heb rustig uitgelegd wat ik bedoelde. Daarna begrepen we elkaar.","samenhangende zinnen; redenen, voorwaarden en voorstellen",Docent of cursist leest de vraag voor en luistert. Geen verplichte tweede spreekrol. Wissel pas na het antwoord van spreker.,"De reactie is samenhangend en beantwoordt ook de gevraagde reden, afweging, uitwerking of praktische oplossing.",Optioneel: verander één omstandigheid. Leg uit of je antwoord daardoor verandert.
dq-3-square-06,route-3,square,dagelijks,Geef antwoord,Vind jij het makkelijk om hulp te vragen? Waarom wel of niet?,,"Ik vind het …, omdat …","Niet altijd, omdat ik het eerst zelf wil proberen.","samenhangende zinnen; redenen, voorwaarden en voorstellen",Docent of cursist leest de vraag voor en luistert. Geen verplichte tweede spreekrol. Wissel pas na het antwoord van spreker.,"De reactie is samenhangend en beantwoordt ook de gevraagde reden, afweging, uitwerking of praktische oplossing.",Optioneel: verander één omstandigheid. Leg uit of je antwoord daardoor verandert.
dq-3-square-07,route-3,square,in-de-les,Geef antwoord,Zou jij een cursus in de avond volgen? Waarom wel of niet?,,"Ja, omdat … / Nee, omdat …","Ja, omdat ik overdag werk en 's avonds tijd heb.","samenhangende zinnen; redenen, voorwaarden en voorstellen",Docent of cursist leest de vraag voor en luistert. Geen verplichte tweede spreekrol. Wissel pas na het antwoord van spreker.,"De reactie is samenhangend en beantwoordt ook de gevraagde reden, afweging, uitwerking of praktische oplossing.",Optioneel: verander één omstandigheid. Leg uit of je antwoord daardoor verandert.
dq-3-square-08,route-3,square,winkelen,Geef antwoord,Heb jij weleens een aankoop teruggebracht? Hoe ging dat?,,"Ja, … Daarna … / Nee, …","Ja, de jas was te klein. Met de bon kon ik hem omruilen.","samenhangende zinnen; redenen, voorwaarden en voorstellen",Docent of cursist leest de vraag voor en luistert. Geen verplichte tweede spreekrol. Wissel pas na het antwoord van spreker.,"De reactie is samenhangend en beantwoordt ook de gevraagde reden, afweging, uitwerking of praktische oplossing.",Optioneel: verander één omstandigheid. Leg uit of je antwoord daardoor verandert.
dq-3-square-09,route-3,square,dagelijks,Geef antwoord,Vind jij online contact even prettig als persoonlijk contact? Waarom?,,"Ik vind …, omdat …","Nee, persoonlijk contact vind ik prettiger omdat ik iemand beter kan begrijpen.","samenhangende zinnen; redenen, voorwaarden en voorstellen",Docent of cursist leest de vraag voor en luistert. Geen verplichte tweede spreekrol. Wissel pas na het antwoord van spreker.,"De reactie is samenhangend en beantwoordt ook de gevraagde reden, afweging, uitwerking of praktische oplossing.",Optioneel: verander één omstandigheid. Leg uit of je antwoord daardoor verandert.
dq-3-square-10,route-3,square,onderweg,Geef antwoord,Zou jij een week zonder auto kunnen? Hoe zou je reizen?,,Ik zou …,"Ja, ik zou fietsen en voor langere afstanden de trein nemen.","samenhangende zinnen; redenen, voorwaarden en voorstellen",Docent of cursist leest de vraag voor en luistert. Geen verplichte tweede spreekrol. Wissel pas na het antwoord van spreker.,"De reactie is samenhangend en beantwoordt ook de gevraagde reden, afweging, uitwerking of praktische oplossing.",Optioneel: verander één omstandigheid. Leg uit of je antwoord daardoor verandert.
dq-3-square-11,route-3,square,dagelijks,Geef antwoord,Heb jij weleens nee gezegd tegen een verzoek? Hoe deed je dat?,,Ik zei dat …,"Ja, ik zei dat ik geen tijd had en bood aan om later te helpen.","samenhangende zinnen; redenen, voorwaarden en voorstellen",Docent of cursist leest de vraag voor en luistert. Geen verplichte tweede spreekrol. Wissel pas na het antwoord van spreker.,"De reactie is samenhangend en beantwoordt ook de gevraagde reden, afweging, uitwerking of praktische oplossing.",Optioneel: verander één omstandigheid. Leg uit of je antwoord daardoor verandert.
dq-3-square-12,route-3,square,dagelijks,Geef antwoord,Vind jij dat iedereen dezelfde werktijden moet hebben? Waarom?,,"Ik vind …, omdat …","Nee, verschillende werktijden kunnen helpen om werk en gezin te combineren.","samenhangende zinnen; redenen, voorwaarden en voorstellen",Docent of cursist leest de vraag voor en luistert. Geen verplichte tweede spreekrol. Wissel pas na het antwoord van spreker.,"De reactie is samenhangend en beantwoordt ook de gevraagde reden, afweging, uitwerking of praktische oplossing.",Optioneel: verander één omstandigheid. Leg uit of je antwoord daardoor verandert.
dq-3-square-13,route-3,square,dagelijks,Geef antwoord,Heb jij weleens iets uitgelegd aan een nieuwe collega? Hoe pakte je dat aan?,,Eerst … Daarna …,"Ja, ik deed het eerst voor en liet de collega het daarna proberen.","samenhangende zinnen; redenen, voorwaarden en voorstellen",Docent of cursist leest de vraag voor en luistert. Geen verplichte tweede spreekrol. Wissel pas na het antwoord van spreker.,"De reactie is samenhangend en beantwoordt ook de gevraagde reden, afweging, uitwerking of praktische oplossing.",Optioneel: verander één omstandigheid. Leg uit of je antwoord daardoor verandert.
dq-3-square-14,route-3,square,dagelijks,Geef antwoord,Zou jij in een andere stad willen wonen? Wat zou je afwegen?,,Ik zou kijken naar …,Misschien. Ik zou kijken naar de huur en de reistijd naar mijn werk.,"samenhangende zinnen; redenen, voorwaarden en voorstellen",Docent of cursist leest de vraag voor en luistert. Geen verplichte tweede spreekrol. Wissel pas na het antwoord van spreker.,"De reactie is samenhangend en beantwoordt ook de gevraagde reden, afweging, uitwerking of praktische oplossing.",Optioneel: verander één omstandigheid. Leg uit of je antwoord daardoor verandert.
dq-3-square-15,route-3,square,dagelijks,Geef antwoord,Kun jij makkelijk kiezen als er veel mogelijkheden zijn? Wat helpt jou?,,Het helpt mij om …,Niet altijd. Het helpt mij om eerst te bepalen wat ik het belangrijkst vind.,"samenhangende zinnen; redenen, voorwaarden en voorstellen",Docent of cursist leest de vraag voor en luistert. Geen verplichte tweede spreekrol. Wissel pas na het antwoord van spreker.,"De reactie is samenhangend en beantwoordt ook de gevraagde reden, afweging, uitwerking of praktische oplossing.",Optioneel: verander één omstandigheid. Leg uit of je antwoord daardoor verandert.
dq-3-triangle-01,route-3,triangle,dagelijks,Kies,Kies jij liever meer vrije tijd of een hoger salaris? Leg je keuze uit.,,"Ik kies …, omdat …","Ik kies liever meer vrije tijd, omdat ik meer bij mijn gezin wil zijn.",een keuze toelichten en afwegen,Docent of cursist leest de vraag voor en luistert. Geen verplichte tweede spreekrol. Wissel pas na het antwoord van spreker.,"De reactie is samenhangend en beantwoordt ook de gevraagde reden, afweging, uitwerking of praktische oplossing. De keuze is duidelijk; beide opties kunnen passend zijn.",Optioneel: verander één omstandigheid. Leg uit of je antwoord daardoor verandert.
dq-3-triangle-02,route-3,triangle,dagelijks,Kies,Huur jij liever iets duurs dichtbij of iets goedkopers verder weg? Waarom?,,Ik kies … Het voordeel is …,Ik kies liever iets dichtbij. De hogere huur weegt voor mij op tegen de kortere reistijd.,een keuze toelichten en afwegen,Docent of cursist leest de vraag voor en luistert. Geen verplichte tweede spreekrol. Wissel pas na het antwoord van spreker.,"De reactie is samenhangend en beantwoordt ook de gevraagde reden, afweging, uitwerking of praktische oplossing. De keuze is duidelijk; beide opties kunnen passend zijn.",Optioneel: verander één omstandigheid. Leg uit of je antwoord daardoor verandert.
dq-3-triangle-03,route-3,triangle,in-de-les,Kies,Leer jij liever online of op locatie? Noem een voordeel en een nadeel.,,Ik kies … Een voordeel is … Een nadeel is …,"Ik leer liever op locatie. Ik kan makkelijk vragen stellen, maar ik moet wel reizen.",een keuze toelichten en afwegen,Docent of cursist leest de vraag voor en luistert. Geen verplichte tweede spreekrol. Wissel pas na het antwoord van spreker.,"De reactie is samenhangend en beantwoordt ook de gevraagde reden, afweging, uitwerking of praktische oplossing. De keuze is duidelijk; beide opties kunnen passend zijn.",Optioneel: verander één omstandigheid. Leg uit of je antwoord daardoor verandert.
dq-3-triangle-04,route-3,triangle,winkelen,Kies,Kies je goedkoop of iets duurders dat langer meegaat? Waarom?,,Ik kies … als … Dan …,Ik kies iets dat langer meegaat als ik het kan betalen. Dan hoef ik minder vaak iets nieuws te kopen.,een keuze toelichten en afwegen,Docent of cursist leest de vraag voor en luistert. Geen verplichte tweede spreekrol. Wissel pas na het antwoord van spreker.,"De reactie is samenhangend en beantwoordt ook de gevraagde reden, afweging, uitwerking of praktische oplossing. De keuze is duidelijk; beide opties kunnen passend zijn.",Optioneel: verander één omstandigheid. Leg uit of je antwoord daardoor verandert.
dq-3-triangle-05,route-3,triangle,dagelijks,Kies,Werk jij liever thuis of op kantoor? Leg je keuze uit.,,"Ik werk liever …, omdat …","Ik werk liever thuis, omdat ik me daar goed kan concentreren. Soms mis ik mijn collega's.",een keuze toelichten en afwegen,Docent of cursist leest de vraag voor en luistert. Geen verplichte tweede spreekrol. Wissel pas na het antwoord van spreker.,"De reactie is samenhangend en beantwoordt ook de gevraagde reden, afweging, uitwerking of praktische oplossing. De keuze is duidelijk; beide opties kunnen passend zijn.",Optioneel: verander één omstandigheid. Leg uit of je antwoord daardoor verandert.
dq-3-triangle-06,route-3,triangle,winkelen,Kies,Reis jij liever snel of goedkoop? Wanneer kies je anders?,,Meestal … Als …,"Meestal kies ik goedkoop. Als ik een belangrijke afspraak heb, kies ik de snelste reis.",een keuze toelichten en afwegen,Docent of cursist leest de vraag voor en luistert. Geen verplichte tweede spreekrol. Wissel pas na het antwoord van spreker.,"De reactie is samenhangend en beantwoordt ook de gevraagde reden, afweging, uitwerking of praktische oplossing. De keuze is duidelijk; beide opties kunnen passend zijn.",Optioneel: verander één omstandigheid. Leg uit of je antwoord daardoor verandert.
dq-3-triangle-07,route-3,triangle,dagelijks,Kies,Woon jij liever klein in het centrum of ruim buiten de stad? Waarom?,,"Ik woon liever …, omdat …","Ik woon liever ruim buiten de stad, omdat ik graag een tuin wil.",een keuze toelichten en afwegen,Docent of cursist leest de vraag voor en luistert. Geen verplichte tweede spreekrol. Wissel pas na het antwoord van spreker.,"De reactie is samenhangend en beantwoordt ook de gevraagde reden, afweging, uitwerking of praktische oplossing. De keuze is duidelijk; beide opties kunnen passend zijn.",Optioneel: verander één omstandigheid. Leg uit of je antwoord daardoor verandert.
dq-3-triangle-08,route-3,triangle,in-de-les,Kies,Plan jij alles vooraf of houd je tijd vrij? Waarom?,,Ik … Zo blijft er …,Ik plan het belangrijkste vooraf. Zo blijft er tijd over voor onverwachte dingen.,een keuze toelichten en afwegen,Docent of cursist leest de vraag voor en luistert. Geen verplichte tweede spreekrol. Wissel pas na het antwoord van spreker.,"De reactie is samenhangend en beantwoordt ook de gevraagde reden, afweging, uitwerking of praktische oplossing. De keuze is duidelijk; beide opties kunnen passend zijn.",Optioneel: verander één omstandigheid. Leg uit of je antwoord daardoor verandert.
dq-3-triangle-09,route-3,triangle,dagelijks,Kies,Kies jij liever een vaste baan of tijdelijk werk met meer afwisseling? Waarom?,,"Ik kies liever …, omdat …","Ik kies liever een vaste baan, omdat ik zekerheid over mijn inkomen wil.",een keuze toelichten en afwegen,Docent of cursist leest de vraag voor en luistert. Geen verplichte tweede spreekrol. Wissel pas na het antwoord van spreker.,"De reactie is samenhangend en beantwoordt ook de gevraagde reden, afweging, uitwerking of praktische oplossing. De keuze is duidelijk; beide opties kunnen passend zijn.",Optioneel: verander één omstandigheid. Leg uit of je antwoord daardoor verandert.
dq-3-triangle-10,route-3,triangle,dagelijks,Kies,Bespreek jij een probleem liever meteen of denk je eerst na? Waarom?,,"Ik … liever …, zodat …","Ik denk liever eerst na, zodat ik rustig kan uitleggen wat er is.",een keuze toelichten en afwegen,Docent of cursist leest de vraag voor en luistert. Geen verplichte tweede spreekrol. Wissel pas na het antwoord van spreker.,"De reactie is samenhangend en beantwoordt ook de gevraagde reden, afweging, uitwerking of praktische oplossing. De keuze is duidelijk; beide opties kunnen passend zijn.",Optioneel: verander één omstandigheid. Leg uit of je antwoord daardoor verandert.
dq-3-triangle-11,route-3,triangle,winkelen,Kies,Koop jij liever in een kleine winkel of bij een grote keten? Waarom?,,"Ik koop liever …, omdat …","Ik koop liever in een kleine winkel, omdat ik persoonlijk advies prettig vind.",een keuze toelichten en afwegen,Docent of cursist leest de vraag voor en luistert. Geen verplichte tweede spreekrol. Wissel pas na het antwoord van spreker.,"De reactie is samenhangend en beantwoordt ook de gevraagde reden, afweging, uitwerking of praktische oplossing. De keuze is duidelijk; beide opties kunnen passend zijn.",Optioneel: verander één omstandigheid. Leg uit of je antwoord daardoor verandert.
dq-3-triangle-12,route-3,triangle,in-de-les,Kies,Leer jij liever veel in korte tijd of elke dag een beetje? Waarom?,,"Ik leer liever …, omdat …","Ik leer liever elke dag een beetje, omdat ik de informatie dan beter onthoud.",een keuze toelichten en afwegen,Docent of cursist leest de vraag voor en luistert. Geen verplichte tweede spreekrol. Wissel pas na het antwoord van spreker.,"De reactie is samenhangend en beantwoordt ook de gevraagde reden, afweging, uitwerking of praktische oplossing. De keuze is duidelijk; beide opties kunnen passend zijn.",Optioneel: verander één omstandigheid. Leg uit of je antwoord daardoor verandert.
dq-3-triangle-13,route-3,triangle,dagelijks,Kies,Kies jij liever een bekende of een nieuwe vakantiebestemming? Waarom?,,"Ik kies liever …, omdat …","Ik kies liever een nieuwe bestemming, omdat ik graag andere plekken ontdek.",een keuze toelichten en afwegen,Docent of cursist leest de vraag voor en luistert. Geen verplichte tweede spreekrol. Wissel pas na het antwoord van spreker.,"De reactie is samenhangend en beantwoordt ook de gevraagde reden, afweging, uitwerking of praktische oplossing. De keuze is duidelijk; beide opties kunnen passend zijn.",Optioneel: verander één omstandigheid. Leg uit of je antwoord daardoor verandert.
dq-3-triangle-14,route-3,triangle,dagelijks,Kies,Gebruik jij liever een papieren of digitale agenda? Noem twee redenen.,,"Ik kies …, want … Bovendien …",Ik gebruik liever een digitale agenda. Die heb ik altijd bij me en ik krijg herinneringen.,een keuze toelichten en afwegen,Docent of cursist leest de vraag voor en luistert. Geen verplichte tweede spreekrol. Wissel pas na het antwoord van spreker.,"De reactie is samenhangend en beantwoordt ook de gevraagde reden, afweging, uitwerking of praktische oplossing. De keuze is duidelijk; beide opties kunnen passend zijn.",Optioneel: verander één omstandigheid. Leg uit of je antwoord daardoor verandert.
dq-3-triangle-15,route-3,triangle,dagelijks,Kies,Ga jij liever met een groep of alleen op pad? Wanneer kies je anders?,,Meestal … Als …,"Meestal ga ik graag met een groep. Als ik rust nodig heb, ga ik alleen.",een keuze toelichten en afwegen,Docent of cursist leest de vraag voor en luistert. Geen verplichte tweede spreekrol. Wissel pas na het antwoord van spreker.,"De reactie is samenhangend en beantwoordt ook de gevraagde reden, afweging, uitwerking of praktische oplossing. De keuze is duidelijk; beide opties kunnen passend zijn.",Optioneel: verander één omstandigheid. Leg uit of je antwoord daardoor verandert.
dq-3-diamond-01,route-3,diamond,dagelijks,Reageer,Ik kan onze afspraak niet nakomen. Wat stel jij voor?,,We kunnen … Past …?,We kunnen een andere dag kiezen. Past donderdagmiddag voor jou?,"samenhangende zinnen; redenen, voorwaarden en voorstellen",Docent of cursist leest de vraag voor en luistert. Geen verplichte tweede spreekrol. Wissel pas na het antwoord van spreker.,"De reactie is samenhangend en beantwoordt ook de gevraagde reden, afweging, uitwerking of praktische oplossing. De reactie past bij de gegeven situatie en verzint geen tegenstrijdige feiten.",Optioneel: verander één omstandigheid. Leg uit of je antwoord daardoor verandert.
dq-3-diamond-02,route-3,diamond,winkelen,Reageer,Je bestelling is beschadigd. Wil je een vervanging of je geld terug? Waarom?,,"Ik wil graag …, omdat …","Ik wil graag een vervanging, omdat ik het product nog steeds nodig heb.","samenhangende zinnen; redenen, voorwaarden en voorstellen",Docent of cursist leest de vraag voor en luistert. Geen verplichte tweede spreekrol. Wissel pas na het antwoord van spreker.,"De reactie is samenhangend en beantwoordt ook de gevraagde reden, afweging, uitwerking of praktische oplossing. De reactie past bij de gegeven situatie en verzint geen tegenstrijdige feiten.",Optioneel: verander één omstandigheid. Leg uit of je antwoord daardoor verandert.
dq-3-diamond-03,route-3,diamond,in-de-les,Reageer,"We moeten oefenen en opruimen, maar hebben weinig tijd. Wat stel je voor?",,Laten we eerst … en daarna …,Laten we eerst oefenen en daarna samen kort opruimen.,"samenhangende zinnen; redenen, voorwaarden en voorstellen",Docent of cursist leest de vraag voor en luistert. Geen verplichte tweede spreekrol. Wissel pas na het antwoord van spreker.,"De reactie is samenhangend en beantwoordt ook de gevraagde reden, afweging, uitwerking of praktische oplossing. De reactie past bij de gegeven situatie en verzint geen tegenstrijdige feiten.",Optioneel: verander één omstandigheid. Leg uit of je antwoord daardoor verandert.
dq-3-diamond-04,route-3,diamond,dagelijks,Reageer,De ruimte is te klein voor onze groep. Welke oplossing stel jij voor?,,We kunnen … of …,We kunnen een grotere ruimte zoeken of de groep in tweeën verdelen.,"samenhangende zinnen; redenen, voorwaarden en voorstellen",Docent of cursist leest de vraag voor en luistert. Geen verplichte tweede spreekrol. Wissel pas na het antwoord van spreker.,"De reactie is samenhangend en beantwoordt ook de gevraagde reden, afweging, uitwerking of praktische oplossing. De reactie past bij de gegeven situatie en verzint geen tegenstrijdige feiten.",Optioneel: verander één omstandigheid. Leg uit of je antwoord daardoor verandert.
dq-3-diamond-05,route-3,diamond,in-de-les,Reageer,Ik wil vroeg vertrekken. Wat betekent vroeg voor jou? Geef een voorbeeld.,,"Voor mij is vroeg …, bijvoorbeeld …","Voor mij is vroeg vóór acht uur, bijvoorbeeld om halfacht.","samenhangende zinnen; redenen, voorwaarden en voorstellen",Docent of cursist leest de vraag voor en luistert. Geen verplichte tweede spreekrol. Wissel pas na het antwoord van spreker.,"De reactie is samenhangend en beantwoordt ook de gevraagde reden, afweging, uitwerking of praktische oplossing. De reactie past bij de gegeven situatie en verzint geen tegenstrijdige feiten.",Optioneel: verander één omstandigheid. Leg uit of je antwoord daardoor verandert.
dq-3-diamond-06,route-3,diamond,dagelijks,Reageer,"Ik wil muziek aan, maar jij wilt rust. Wat spreken we af?",,Je kunt … Dan …,Je kunt een koptelefoon gebruiken. Dan heb jij muziek en kan ik rustig werken.,"samenhangende zinnen; redenen, voorwaarden en voorstellen",Docent of cursist leest de vraag voor en luistert. Geen verplichte tweede spreekrol. Wissel pas na het antwoord van spreker.,"De reactie is samenhangend en beantwoordt ook de gevraagde reden, afweging, uitwerking of praktische oplossing. De reactie past bij de gegeven situatie en verzint geen tegenstrijdige feiten.",Optioneel: verander één omstandigheid. Leg uit of je antwoord daardoor verandert.
dq-3-diamond-07,route-3,diamond,in-de-les,Reageer,De cursus is vol. Wil je wachten of een andere cursus kiezen? Waarom?,,"Ik wil …, omdat …","Ik wil een andere cursus kiezen, omdat ik deze maand wil beginnen.","samenhangende zinnen; redenen, voorwaarden en voorstellen",Docent of cursist leest de vraag voor en luistert. Geen verplichte tweede spreekrol. Wissel pas na het antwoord van spreker.,"De reactie is samenhangend en beantwoordt ook de gevraagde reden, afweging, uitwerking of praktische oplossing. De reactie past bij de gegeven situatie en verzint geen tegenstrijdige feiten.",Optioneel: verander één omstandigheid. Leg uit of je antwoord daardoor verandert.
dq-3-diamond-08,route-3,diamond,dagelijks,Reageer,Ik ben het niet met je eens. Hoe kunnen we verder praten?,,Laten we eerst …,Laten we eerst allebei uitleggen waarom we dat vinden.,"samenhangende zinnen; redenen, voorwaarden en voorstellen",Docent of cursist leest de vraag voor en luistert. Geen verplichte tweede spreekrol. Wissel pas na het antwoord van spreker.,"De reactie is samenhangend en beantwoordt ook de gevraagde reden, afweging, uitwerking of praktische oplossing. De reactie past bij de gegeven situatie en verzint geen tegenstrijdige feiten.",Optioneel: verander één omstandigheid. Leg uit of je antwoord daardoor verandert.
dq-3-diamond-09,route-3,diamond,spullen,Reageer,We zoeken iemand die wil helpen. Wat kun jij doen en wanneer?,,"Ik kan …, maar …","Ik kan vrijdag helpen met klaarzetten, maar daarna moet ik weg.","samenhangende zinnen; redenen, voorwaarden en voorstellen",Docent of cursist leest de vraag voor en luistert. Geen verplichte tweede spreekrol. Wissel pas na het antwoord van spreker.,"De reactie is samenhangend en beantwoordt ook de gevraagde reden, afweging, uitwerking of praktische oplossing. De reactie past bij de gegeven situatie en verzint geen tegenstrijdige feiten.",Optioneel: verander één omstandigheid. Leg uit of je antwoord daardoor verandert.
dq-3-diamond-10,route-3,diamond,winkelen,Reageer,De prijs is hoger dan afgesproken. Wat wil jij nu weten?,,Ik wil weten waarom …,Ik wil weten waarom de prijs hoger is en of de oude prijs nog geldt.,"samenhangende zinnen; redenen, voorwaarden en voorstellen",Docent of cursist leest de vraag voor en luistert. Geen verplichte tweede spreekrol. Wissel pas na het antwoord van spreker.,"De reactie is samenhangend en beantwoordt ook de gevraagde reden, afweging, uitwerking of praktische oplossing. De reactie past bij de gegeven situatie en verzint geen tegenstrijdige feiten.",Optioneel: verander één omstandigheid. Leg uit of je antwoord daardoor verandert.
dq-3-diamond-11,route-3,diamond,dagelijks,Reageer,"Vandaag kan ik alleen in de ochtend, jij in de middag. Wat stel je voor?",,Vandaag … Kunnen we morgen …?,Vandaag lukt het niet. Kunnen we morgen een moment zoeken?,"samenhangende zinnen; redenen, voorwaarden en voorstellen",Docent of cursist leest de vraag voor en luistert. Geen verplichte tweede spreekrol. Wissel pas na het antwoord van spreker.,"De reactie is samenhangend en beantwoordt ook de gevraagde reden, afweging, uitwerking of praktische oplossing. De reactie past bij de gegeven situatie en verzint geen tegenstrijdige feiten.",Optioneel: verander één omstandigheid. Leg uit of je antwoord daardoor verandert.
dq-3-diamond-12,route-3,diamond,dagelijks,Reageer,We moeten onze buren informeren over lawaai. Wat zou jij in een bericht zetten?,,Morgen … Excuses voor …,Morgen klussen we van tien tot vier. Het kan lawaai geven. Excuses voor de overlast.,"samenhangende zinnen; redenen, voorwaarden en voorstellen",Docent of cursist leest de vraag voor en luistert. Geen verplichte tweede spreekrol. Wissel pas na het antwoord van spreker.,"De reactie is samenhangend en beantwoordt ook de gevraagde reden, afweging, uitwerking of praktische oplossing. De reactie past bij de gegeven situatie en verzint geen tegenstrijdige feiten.",Optioneel: verander één omstandigheid. Leg uit of je antwoord daardoor verandert.
dq-3-diamond-13,route-3,diamond,dagelijks,Reageer,Ik ben mijn afspraak vergeten. Wat raad jij mij aan voor de volgende keer?,,Je kunt …,Zet de afspraak meteen in je agenda en stel een herinnering in.,"samenhangende zinnen; redenen, voorwaarden en voorstellen",Docent of cursist leest de vraag voor en luistert. Geen verplichte tweede spreekrol. Wissel pas na het antwoord van spreker.,"De reactie is samenhangend en beantwoordt ook de gevraagde reden, afweging, uitwerking of praktische oplossing. De reactie past bij de gegeven situatie en verzint geen tegenstrijdige feiten.",Optioneel: verander één omstandigheid. Leg uit of je antwoord daardoor verandert.
dq-3-diamond-14,route-3,diamond,in-de-les,Reageer,De nieuwe lestijd past niet bij jouw werk. Welke oplossing vraag je?,,Kan ik …? Op deze tijd …,Kan ik aansluiten bij een andere groep? Op deze tijd moet ik werken.,"samenhangende zinnen; redenen, voorwaarden en voorstellen",Docent of cursist leest de vraag voor en luistert. Geen verplichte tweede spreekrol. Wissel pas na het antwoord van spreker.,"De reactie is samenhangend en beantwoordt ook de gevraagde reden, afweging, uitwerking of praktische oplossing. De reactie past bij de gegeven situatie en verzint geen tegenstrijdige feiten.",Optioneel: verander één omstandigheid. Leg uit of je antwoord daardoor verandert.
dq-3-diamond-15,route-3,diamond,dagelijks,Reageer,We hebben twee verschillende plannen. Hoe komen we tot een keuze?,,Laten we … en daarna …,Laten we de voordelen van beide plannen vergelijken en daarna samen kiezen.,"samenhangende zinnen; redenen, voorwaarden en voorstellen",Docent of cursist leest de vraag voor en luistert. Geen verplichte tweede spreekrol. Wissel pas na het antwoord van spreker.,"De reactie is samenhangend en beantwoordt ook de gevraagde reden, afweging, uitwerking of praktische oplossing. De reactie past bij de gegeven situatie en verzint geen tegenstrijdige feiten.",Optioneel: verander één omstandigheid. Leg uit of je antwoord daardoor verandert.
